timestamp,Probability,Predictions,Occupied
2019-12-16 00:00:00,0.9977912030194124,1,1
2019-12-16 00:05:00,0.9971213927789593,1,1
2019-12-16 00:10:00,0.9990655577337133,1,1
2019-12-16 00:15:00,0.9942476041311257,1,1
2019-12-16 00:20:00,0.9913325880447645,1,1
2019-12-16 00:25:00,0.9977604168861681,1,1
2019-12-16 00:30:00,0.9965896099397462,1,1
2019-12-16 00:35:00,0.9965180691943433,1,1
2019-12-16 00:40:00,0.997023061608312,1,1
2019-12-16 00:45:00,0.9989995940460547,1,1
2019-12-16 00:50:00,0.9990914346808932,1,1
2019-12-16 00:55:00,0.9980059344994652,1,1
2019-12-16 01:00:00,0.9982859280699933,1,1
2019-12-16 01:05:00,0.9980426004858863,1,1
2019-12-16 01:10:00,0.9959735381769745,1,1
2019-12-16 01:15:00,0.9903736280256149,1,1
2019-12-16 01:20:00,0.9947687463278083,1,1
2019-12-16 01:25:00,0.9983988205997475,1,1
2019-12-16 01:30:00,0.9987048139168367,1,1
2019-12-16 01:35:00,0.9984619382915088,1,1
2019-12-16 01:40:00,0.9986759475166573,1,1
2019-12-16 01:45:00,0.9987820284668537,1,1
2019-12-16 01:50:00,0.9986801950352929,1,1
2019-12-16 01:55:00,0.9987820538254607,1,1
2019-12-16 02:00:00,0.9987820538254607,1,1
2019-12-16 02:05:00,0.9987820538254607,1,1
2019-12-16 02:10:00,0.9987820538254607,1,1
2019-12-16 02:15:00,0.9987820538254607,1,1
2019-12-16 02:20:00,0.9987820538254607,1,1
2019-12-16 02:25:00,0.9987820389100385,1,1
2019-12-16 02:30:00,0.9986681457424379,1,1
2019-12-16 02:35:00,0.9987820538254607,1,1
2019-12-16 02:40:00,0.9993045096357194,1,1
2019-12-16 02:45:00,0.9993045096357194,1,1
2019-12-16 02:50:00,0.9993045096357194,1,1
2019-12-16 02:55:00,0.9993045096357194,1,1
2019-12-16 03:00:00,0.9993044924223905,1,1
2019-12-16 03:05:00,0.993158990641839,1,1
2019-12-16 03:10:00,0.9927655889542273,1,1
2019-12-16 03:15:00,0.9923437365077659,1,1
2019-12-16 03:20:00,0.9870631082956237,1,1
2019-12-16 03:25:00,0.9886184991918101,1,1
2019-12-16 03:30:00,0.9919402224833928,1,1
2019-12-16 03:35:00,0.9924512585824705,1,1
2019-12-16 03:40:00,0.9938176454454455,1,1
2019-12-16 03:45:00,0.9929494709355559,1,1
2019-12-16 03:50:00,0.9925834574735243,1,1
2019-12-16 03:55:00,0.9922657448316666,1,1
2019-12-16 04:00:00,0.9942090451394635,1,1
2019-12-16 04:05:00,0.9928105872405791,1,1
2019-12-16 04:10:00,0.9919704352461346,1,1
2019-12-16 04:15:00,0.9943699814634498,1,1
2019-12-16 04:20:00,0.9932610222309634,1,1
2019-12-16 04:25:00,0.9923124798725628,1,1
2019-12-16 04:30:00,0.9928078449113241,1,1
2019-12-16 04:35:00,0.9919846580946253,1,1
2019-12-16 04:40:00,0.9875015393664714,1,1
2019-12-16 04:45:00,0.988146775681321,1,1
2019-12-16 04:50:00,0.9874599931706958,1,1
2019-12-16 04:55:00,0.9873043521271131,1,1
2019-12-16 05:00:00,0.9884434268239789,1,1
2019-12-16 05:05:00,0.9874140693938762,1,1
2019-12-16 05:10:00,0.9877250419771353,1,1
2019-12-16 05:15:00,0.9889708978004504,1,1
2019-12-16 05:20:00,0.9806838570924981,1,1
2019-12-16 05:25:00,0.977658148376252,1,1
2019-12-16 05:30:00,0.9876212918132471,1,1
2019-12-16 05:35:00,0.9878782062550436,1,1
2019-12-16 05:40:00,0.9878388501315828,1,1
2019-12-16 05:45:00,0.9882425878370092,1,1
2019-12-16 05:50:00,0.9873788900767333,1,1
2019-12-16 05:55:00,0.9870872352420216,1,1
2019-12-16 06:00:00,0.9885064924205806,1,1
2019-12-16 06:05:00,0.9878314670583705,1,1
2019-12-16 06:10:00,0.9870318309508701,1,1
2019-12-16 06:15:00,0.9875923673914666,1,1
2019-12-16 06:20:00,0.989091790629966,1,1
2019-12-16 06:25:00,0.9893022923169867,1,1
2019-12-16 06:30:00,0.9883714931518526,1,1
2019-12-16 06:35:00,0.9889431866795396,1,1
2019-12-16 06:40:00,0.9790321497609719,1,1
2019-12-16 06:45:00,0.977780882534003,1,1
2019-12-16 06:50:00,0.9813367404887496,1,1
2019-12-16 06:55:00,0.9784635175424999,1,1
2019-12-16 07:00:00,0.9777302617207474,1,1
2019-12-16 07:05:00,0.9780052994290527,1,1
2019-12-16 07:10:00,0.9773455648029696,1,1
2019-12-16 07:15:00,0.9793296166870807,1,1
2019-12-16 07:20:00,0.9774721759001066,1,1
2019-12-16 07:25:00,0.9797023888801817,1,1
2019-12-16 07:30:00,0.9797298254957505,1,1
2019-12-16 07:35:00,0.9769004746736093,1,1
2019-12-16 07:40:00,0.9797292524029779,1,1
2019-12-16 07:45:00,0.9894630984662172,1,1
2019-12-16 07:50:00,0.9966336085113503,1,1
2019-12-16 07:55:00,0.9923688760921817,1,1
2019-12-16 08:00:00,0.9981339549296243,1,1
2019-12-16 08:05:00,0.9927915481749291,1,1
2019-12-16 08:10:00,0.9911777667699833,1,1
2019-12-16 08:15:00,0.9949628339530049,1,1
2019-12-16 08:20:00,0.9877150080722633,1,1
2019-12-16 08:25:00,0.9903779283302342,1,1
2019-12-16 08:30:00,0.9955881835401885,1,1
2019-12-16 08:35:00,0.9790660583068812,1,1
2019-12-16 08:40:00,0.9796390258268902,1,1
2019-12-16 08:45:00,0.9900973202538771,1,1
2019-12-16 08:50:00,0.9854664396944891,1,1
2019-12-16 08:55:00,0.9964147593054273,1,1
2019-12-16 09:00:00,0.998885142400595,1,1
2019-12-16 09:05:00,0.9988432749445604,1,1
2019-12-16 09:10:00,0.9896536482198969,1,1
2019-12-16 09:15:00,0.7438273523781433,1,0
2019-12-16 09:20:00,0.8264982196933173,1,0
2019-12-16 09:25:00,0.9578657542341761,1,0
2019-12-16 09:30:00,0.6873506154843516,1,0
2019-12-16 09:35:00,0.9644265855216366,1,0
2019-12-16 09:40:00,0.7527243452770327,1,0
2019-12-16 09:45:00,0.9754305469003579,1,0
2019-12-16 09:50:00,0.754947660806451,1,0
2019-12-16 09:55:00,0.9789034673975026,1,0
2019-12-16 10:00:00,0.9789254239988932,1,0
2019-12-16 10:05:00,0.9628770110913378,1,0
2019-12-16 10:10:00,0.6884293196079943,1,0
2019-12-16 10:15:00,0.7090036090515865,1,0
2019-12-16 10:20:00,0.9717460328909524,1,0
2019-12-16 10:25:00,0.9022407441028838,1,0
2019-12-16 10:30:00,0.7809383263367111,1,0
2019-12-16 10:35:00,0.9380256329712886,1,0
2019-12-16 10:40:00,0.9065743525533668,1,0
2019-12-16 10:45:00,0.6115087750900281,1,0
2019-12-16 10:50:00,0.6520909298625411,1,0
2019-12-16 10:55:00,0.8688432186002574,1,0
2019-12-16 11:00:00,0.5965034796987695,1,0
2019-12-16 11:05:00,0.602791221704131,1,0
2019-12-16 11:10:00,0.8445696527350569,1,0
2019-12-16 11:15:00,0.9024137262060049,1,0
2019-12-16 11:20:00,0.8586707179522283,1,0
2019-12-16 11:25:00,0.6038999670773014,1,0
2019-12-16 11:30:00,0.624691347640781,1,0
2019-12-16 11:35:00,0.8728354686782589,1,0
2019-12-16 11:40:00,0.8667397729483376,1,0
2019-12-16 11:45:00,0.8417758054253519,1,0
2019-12-16 11:50:00,0.7015094375191073,1,0
2019-12-16 11:55:00,0.9680147756550754,1,0
2019-12-16 12:00:00,0.9789536525040872,1,0
2019-12-16 12:05:00,0.8236816779623575,1,0
2019-12-16 12:10:00,0.6302058399559218,1,0
2019-12-16 12:15:00,0.6464576902589005,1,0
2019-12-16 12:20:00,0.7091004538962206,1,0
2019-12-16 12:25:00,0.6223060767126068,1,0
2019-12-16 12:30:00,0.9546762176984708,1,0
2019-12-16 12:35:00,0.9071554943581901,1,0
2019-12-16 12:40:00,0.6194779173109561,1,0
2019-12-16 12:45:00,0.6994572887797162,1,0
2019-12-16 12:50:00,0.9867511579927521,1,0
2019-12-16 12:55:00,0.8621109199445529,1,0
2019-12-16 13:00:00,0.9750107419873955,1,0
2019-12-16 13:05:00,0.9853350562438363,1,0
2019-12-16 13:10:00,0.9717211509553006,1,0
2019-12-16 13:15:00,0.9148270139964905,1,0
2019-12-16 13:20:00,0.6102176159322704,1,0
2019-12-16 13:25:00,0.9412876640716777,1,0
2019-12-16 13:30:00,0.9864123746685298,1,0
2019-12-16 13:35:00,0.9173463964578091,1,0
2019-12-16 13:40:00,0.7211915616530782,1,0
2019-12-16 13:45:00,0.8856055400973535,1,0
2019-12-16 13:50:00,0.9865729322384775,1,0
2019-12-16 13:55:00,0.9750972399674123,1,0
2019-12-16 14:00:00,0.8083875715195934,1,0
2019-12-16 14:05:00,0.6125063866926805,1,0
2019-12-16 14:10:00,0.9751918781332368,1,0
2019-12-16 14:15:00,0.9782701315626623,1,0
2019-12-16 14:20:00,0.9875415966711807,1,0
2019-12-16 14:25:00,0.961542351625201,1,0
2019-12-16 14:30:00,0.956111408040153,1,0
2019-12-16 14:35:00,0.9808130084319139,1,0
2019-12-16 14:40:00,0.9810772464088393,1,0
2019-12-16 14:45:00,0.9887057049756293,1,0
2019-12-16 14:50:00,0.946358058867651,1,0
2019-12-16 14:55:00,0.9735212526979077,1,0
2019-12-16 15:00:00,0.9811901944981974,1,0
2019-12-16 15:05:00,0.9779211073329678,1,0
2019-12-16 15:10:00,0.6166137060175617,1,0
2019-12-16 15:15:00,0.960633529138913,1,0
2019-12-16 15:20:00,0.9779435956921156,1,0
2019-12-16 15:25:00,0.9875649036446091,1,0
2019-12-16 15:30:00,0.6869203192812512,1,0
2019-12-16 15:35:00,0.9777872023430378,1,0
2019-12-16 15:40:00,0.9865757734845184,1,0
2019-12-16 15:45:00,0.7734625368657166,1,0
2019-12-16 15:50:00,0.9458353668334807,1,0
2019-12-16 15:55:00,0.9822078298662215,1,0
2019-12-16 16:00:00,0.97628611662271,1,0
2019-12-16 16:05:00,0.9255578511180252,1,0
2019-12-16 16:10:00,0.9744180965442162,1,0
2019-12-16 16:15:00,0.9759403588542663,1,0
2019-12-16 16:20:00,0.7414924915531241,1,0
2019-12-16 16:25:00,0.5946579911511729,1,0
2019-12-16 16:30:00,0.9339236897855436,1,0
2019-12-16 16:35:00,0.9315045949055133,1,0
2019-12-16 16:40:00,0.6455274356007854,1,0
2019-12-16 16:45:00,0.5892183820461236,1,0
2019-12-16 16:50:00,0.9656177147103736,1,0
2019-12-16 16:55:00,0.9351839105947554,1,0
2019-12-16 17:00:00,0.5948409723978076,1,0
2019-12-16 17:05:00,0.6352798129493715,1,0
2019-12-16 17:10:00,0.7059648986664503,1,0
2019-12-16 17:15:00,0.7409991345081806,1,0
2019-12-16 17:20:00,0.5971506851717377,1,0
2019-12-16 17:25:00,0.9896916660771206,1,1
2019-12-16 17:30:00,0.9978595986098888,1,1
2019-12-16 17:35:00,0.9941730477015511,1,1
2019-12-16 17:40:00,0.9901544220338114,1,1
2019-12-16 17:45:00,0.9879162362553212,1,1
2019-12-16 17:50:00,0.9900737675341005,1,1
2019-12-16 17:55:00,0.9934250728994394,1,1
2019-12-16 18:00:00,0.9930678756140096,1,1
2019-12-16 18:05:00,0.9923948908815998,1,1
2019-12-16 18:10:00,0.991636286967428,1,1
2019-12-16 18:15:00,0.9901601501224906,1,1
2019-12-16 18:20:00,0.9843247621989619,1,1
2019-12-16 18:25:00,0.9778651173127193,1,1
2019-12-16 18:30:00,0.9782751152290471,1,1
2019-12-16 18:35:00,0.9831475352513414,1,1
2019-12-16 18:40:00,0.9874958291559417,1,1
2019-12-16 18:45:00,0.9797912808524203,1,1
2019-12-16 18:50:00,0.9778661533919913,1,1
2019-12-16 18:55:00,0.977897236641722,1,1
2019-12-16 19:00:00,0.9778882977491056,1,1
2019-12-16 19:05:00,0.9779415892944785,1,1
2019-12-16 19:10:00,0.9846998062415361,1,1
2019-12-16 19:15:00,0.9719438522648847,1,1
2019-12-16 19:20:00,0.956904623588274,1,1
2019-12-16 19:25:00,0.9807959911262653,1,1
2019-12-16 19:30:00,0.9905458644665173,1,1
2019-12-16 19:35:00,0.9766413550087295,1,1
2019-12-16 19:40:00,0.9751346728833419,1,1
2019-12-16 19:45:00,0.9751474452964071,1,1
2019-12-16 19:50:00,0.9867108317018283,1,1
2019-12-16 19:55:00,0.9851300410116238,1,1
2019-12-16 20:00:00,0.9904247438570253,1,1
2019-12-16 20:05:00,0.9849446039774498,1,1
2019-12-16 20:10:00,0.9908245815131512,1,1
2019-12-16 20:15:00,0.8840475794845076,1,1
2019-12-16 20:20:00,0.9581770538543003,1,1
2019-12-16 20:25:00,0.9841656651433012,1,1
2019-12-16 20:30:00,0.9864323449072081,1,1
2019-12-16 20:35:00,0.9893264083946498,1,1
2019-12-16 20:40:00,0.9829319508290558,1,1
2019-12-16 20:45:00,0.9909597287751334,1,1
2019-12-16 20:50:00,0.9900590850818548,1,1
2019-12-16 20:55:00,0.9954156870324752,1,1
2019-12-16 21:00:00,0.9984768502923543,1,1
2019-12-16 21:05:00,0.9989286413011487,1,1
2019-12-16 21:10:00,0.999073442212012,1,1
2019-12-16 21:15:00,0.998840890887532,1,1
2019-12-16 21:20:00,0.9981379188703742,1,1
2019-12-16 21:25:00,0.9981084657414765,1,1
2019-12-16 21:30:00,0.9981479690405555,1,1
2019-12-16 21:35:00,0.998141495717064,1,1
2019-12-16 21:40:00,0.998133371956115,1,1
2019-12-16 21:45:00,0.9981479690405555,1,1
2019-12-16 21:50:00,0.9967067083762525,1,1
2019-12-16 21:55:00,0.9978092400224948,1,1
2019-12-16 22:00:00,0.9952464297635325,1,1
2019-12-16 22:05:00,0.9965536844853814,1,1
2019-12-16 22:10:00,0.99718562451802,1,1
2019-12-16 22:15:00,0.9981382317831986,1,1
2019-12-16 22:20:00,0.9981465616337764,1,1
2019-12-16 22:25:00,0.9981347465439914,1,1
2019-12-16 22:30:00,0.9970223182790292,1,1
2019-12-16 22:35:00,0.9955260355040417,1,1
2019-12-16 22:40:00,0.9966612647222275,1,1
2019-12-16 22:45:00,0.9965957536226555,1,1
2019-12-16 22:50:00,0.9975824275524662,1,1
2019-12-16 22:55:00,0.9974764959097536,1,1
2019-12-16 23:00:00,0.9973593342457147,1,1
2019-12-16 23:05:00,0.9975765141489301,1,1
2019-12-16 23:10:00,0.997459197997362,1,1
2019-12-16 23:15:00,0.997478871292132,1,1
2019-12-16 23:20:00,0.9979117342932945,1,1
2019-12-16 23:25:00,0.9979865888896117,1,1
2019-12-16 23:30:00,0.9969138279684646,1,1
2019-12-16 23:35:00,0.9972861350999892,1,1
2019-12-16 23:40:00,0.9836353968942266,1,1
2019-12-16 23:45:00,0.9975163344119904,1,1
2019-12-16 23:50:00,0.9976678606253253,1,1
2019-12-16 23:55:00,0.9841937631970824,1,1
2019-12-17 00:00:00,0.9974957247857194,1,1
2019-12-17 00:05:00,0.9816972845866521,1,1
2019-12-17 00:10:00,0.9790825045079524,1,1
2019-12-17 00:15:00,0.9802002392378821,1,1
2019-12-17 00:20:00,0.9776316421016036,1,1
2019-12-17 00:25:00,0.9773750502501226,1,1
2019-12-17 00:30:00,0.9782061658399345,1,1
2019-12-17 00:35:00,0.9775495792190392,1,1
2019-12-17 00:40:00,0.9774462564662811,1,1
2019-12-17 00:45:00,0.9776079868080106,1,1
2019-12-17 00:50:00,0.9813375040955814,1,1
2019-12-17 00:55:00,0.98160808993284,1,1
2019-12-17 01:00:00,0.9806489945693609,1,1
2019-12-17 01:05:00,0.9809663077940168,1,1
2019-12-17 01:10:00,0.9791393592508084,1,1
2019-12-17 01:15:00,0.9782784385812111,1,1
2019-12-17 01:20:00,0.9886310186384102,1,1
2019-12-17 01:25:00,0.9707022687425005,1,1
2019-12-17 01:30:00,0.988341182269966,1,1
2019-12-17 01:35:00,0.988869334313391,1,1
2019-12-17 01:40:00,0.9826000873141055,1,1
2019-12-17 01:45:00,0.9779808100911203,1,1
2019-12-17 01:50:00,0.9736931062435387,1,1
2019-12-17 01:55:00,0.9797939700912601,1,1
2019-12-17 02:00:00,0.9791486559943539,1,1
2019-12-17 02:05:00,0.9776370918798543,1,1
2019-12-17 02:10:00,0.98812811655138,1,1
2019-12-17 02:15:00,0.9810872552069305,1,1
2019-12-17 02:20:00,0.9766155770369829,1,1
2019-12-17 02:25:00,0.9804282219084265,1,1
2019-12-17 02:30:00,0.9799274970639494,1,1
2019-12-17 02:35:00,0.9833086911872243,1,1
2019-12-17 02:40:00,0.9758354865363055,1,1
2019-12-17 02:45:00,0.9877894577618807,1,1
2019-12-17 02:50:00,0.9848030672551186,1,1
2019-12-17 02:55:00,0.9901706913105162,1,1
2019-12-17 03:00:00,0.9897569895455213,1,1
2019-12-17 03:05:00,0.9903026711170939,1,1
2019-12-17 03:10:00,0.9898223275667591,1,1
2019-12-17 03:15:00,0.990086057344728,1,1
2019-12-17 03:20:00,0.9909357204309049,1,1
2019-12-17 03:25:00,0.9884469517344319,1,1
2019-12-17 03:30:00,0.991785770860997,1,1
2019-12-17 03:35:00,0.9857620291439624,1,1
2019-12-17 03:40:00,0.9892110937975926,1,1
2019-12-17 03:45:00,0.9899270521313913,1,1
2019-12-17 03:50:00,0.9832825776300773,1,1
2019-12-17 03:55:00,0.9773519437151712,1,1
2019-12-17 04:00:00,0.9768516215959065,1,1
2019-12-17 04:05:00,0.9673976779246387,1,1
2019-12-17 04:10:00,0.976482838328273,1,1
2019-12-17 04:15:00,0.9785487321052211,1,1
2019-12-17 04:20:00,0.9869148544464152,1,1
2019-12-17 04:25:00,0.9762568780275945,1,1
2019-12-17 04:30:00,0.9779659732214643,1,1
2019-12-17 04:35:00,0.9880727457105855,1,1
2019-12-17 04:40:00,0.9895015269586394,1,1
2019-12-17 04:45:00,0.9797999583305362,1,1
2019-12-17 04:50:00,0.9862217708687997,1,1
2019-12-17 04:55:00,0.9886598954374143,1,1
2019-12-17 05:00:00,0.9745736474745276,1,1
2019-12-17 05:05:00,0.9709234749297401,1,1
2019-12-17 05:10:00,0.9897852404445825,1,1
2019-12-17 05:15:00,0.9868028105148865,1,1
2019-12-17 05:20:00,0.9858366099801755,1,1
2019-12-17 05:25:00,0.985912484414811,1,1
2019-12-17 05:30:00,0.9882296364379572,1,1
2019-12-17 05:35:00,0.9878746956662119,1,1
2019-12-17 05:40:00,0.9760193203567058,1,1
2019-12-17 05:45:00,0.9871281386635286,1,1
2019-12-17 05:50:00,0.9725067990812754,1,1
2019-12-17 05:55:00,0.988606145633067,1,1
2019-12-17 06:00:00,0.9835112149795706,1,1
2019-12-17 06:05:00,0.9869761683024263,1,1
2019-12-17 06:10:00,0.988768765528018,1,1
2019-12-17 06:15:00,0.985276256085947,1,1
2019-12-17 06:20:00,0.9866509221378712,1,1
2019-12-17 06:25:00,0.9773142461236876,1,1
2019-12-17 06:30:00,0.9772672130572175,1,1
2019-12-17 06:35:00,0.9775023154918767,1,1
2019-12-17 06:40:00,0.9794707755046735,1,1
2019-12-17 06:45:00,0.9779837024159355,1,1
2019-12-17 06:50:00,0.9780120798441062,1,1
2019-12-17 06:55:00,0.9787986516856615,1,1
2019-12-17 07:00:00,0.9772535578381608,1,1
2019-12-17 07:05:00,0.9779827383059169,1,1
2019-12-17 07:10:00,0.9772671504045444,1,1
2019-12-17 07:15:00,0.9812236618490842,1,1
2019-12-17 07:20:00,0.9932528701944834,1,1
2019-12-17 07:25:00,0.9978553766046827,1,1
2019-12-17 07:30:00,0.9980567440403497,1,1
2019-12-17 07:35:00,0.9966458302676329,1,1
2019-12-17 07:40:00,0.9957014130206543,1,1
2019-12-17 07:45:00,0.9845651678673306,1,1
2019-12-17 07:50:00,0.9795210647598365,1,1
2019-12-17 07:55:00,0.9787707318013468,1,1
2019-12-17 08:00:00,0.9770696869651361,1,1
2019-12-17 08:05:00,0.9770456957371044,1,1
2019-12-17 08:10:00,0.9769729182582867,1,1
2019-12-17 08:15:00,0.977578132811913,1,1
2019-12-17 08:20:00,0.9768284425528354,1,1
2019-12-17 08:25:00,0.9777862670030083,1,1
2019-12-17 08:30:00,0.9771860559334054,1,1
2019-12-17 08:35:00,0.9777245253735544,1,1
2019-12-17 08:40:00,0.9781029142843937,1,1
2019-12-17 08:45:00,0.987506098740103,1,1
2019-12-17 08:50:00,0.9744366260948168,1,1
2019-12-17 08:55:00,0.990319031384235,1,1
2019-12-17 09:00:00,0.9900443688132867,1,1
2019-12-17 09:05:00,0.9950741856796081,1,1
2019-12-17 09:10:00,0.9927923042233542,1,1
2019-12-17 09:15:00,0.9927042300279566,1,1
2019-12-17 09:20:00,0.9931151280958351,1,1
2019-12-17 09:25:00,0.9968158227590532,1,1
2019-12-17 09:30:00,0.9977370596618186,1,1
2019-12-17 09:35:00,0.997295648867294,1,1
2019-12-17 09:40:00,0.9931840540854041,1,1
2019-12-17 09:45:00,0.9970104091851694,1,1
2019-12-17 09:50:00,0.9968496427045187,1,1
2019-12-17 09:55:00,0.9985776238094256,1,1
2019-12-17 10:00:00,0.9908312246958481,1,1
2019-12-17 10:05:00,0.9895535496915395,1,1
2019-12-17 10:10:00,0.9898841554321692,1,1
2019-12-17 10:15:00,0.9596529388971129,1,0
2019-12-17 10:20:00,0.957415796870293,1,0
2019-12-17 10:25:00,0.8662331944630592,1,0
2019-12-17 10:30:00,0.9764181768413206,1,0
2019-12-17 10:35:00,0.9755060300868029,1,0
2019-12-17 10:40:00,0.6111863256913356,1,0
2019-12-17 10:45:00,0.7888401726283146,1,0
2019-12-17 10:50:00,0.9687480690615972,1,0
2019-12-17 10:55:00,0.60814897648968,1,0
2019-12-17 11:00:00,0.9511455077408579,1,0
2019-12-17 11:05:00,0.970740689910612,1,0
2019-12-17 11:10:00,0.7869663242578213,1,0
2019-12-17 11:15:00,0.898056612230251,1,0
2019-12-17 11:20:00,0.8595472482878949,1,0
2019-12-17 11:25:00,0.6010731221480413,1,0
2019-12-17 11:30:00,0.7794726145659643,1,0
2019-12-17 11:35:00,0.8765458725812789,1,0
2019-12-17 11:40:00,0.7431053230560537,1,0
2019-12-17 11:45:00,0.6464769089633842,1,0
2019-12-17 11:50:00,0.801709398175756,1,0
2019-12-17 11:55:00,0.9742804455911528,1,0
2019-12-17 12:00:00,0.7103412222964511,1,0
2019-12-17 12:05:00,0.9513108812830521,1,0
2019-12-17 12:10:00,0.9281761853052052,1,0
2019-12-17 12:15:00,0.974190520633775,1,0
2019-12-17 12:20:00,0.8107226432933179,1,0
2019-12-17 12:25:00,0.729933032346376,1,0
2019-12-17 12:30:00,0.8179785216457339,1,0
2019-12-17 12:35:00,0.8694699817150834,1,0
2019-12-17 12:40:00,0.898952460259276,1,0
2019-12-17 12:45:00,0.6565190676554615,1,0
2019-12-17 12:50:00,0.77641299176078,1,0
2019-12-17 12:55:00,0.9458845120656277,1,0
2019-12-17 13:00:00,0.7822769856369364,1,0
2019-12-17 13:05:00,0.8710798951777005,1,0
2019-12-17 13:10:00,0.8839093757112634,1,0
2019-12-17 13:15:00,0.689217987497445,1,0
2019-12-17 13:20:00,0.6764152071354455,1,0
2019-12-17 13:25:00,0.9857344821348886,1,0
2019-12-17 13:30:00,0.9035820778441344,1,0
2019-12-17 13:35:00,0.7495569045554984,1,0
2019-12-17 13:40:00,0.6934385651001762,1,0
2019-12-17 13:45:00,0.9896379059457873,1,0
2019-12-17 13:50:00,0.8471146066885705,1,0
2019-12-17 13:55:00,0.6069762206833073,1,0
2019-12-17 14:00:00,0.654343609906546,1,0
2019-12-17 14:05:00,0.9869711627825439,1,0
2019-12-17 14:10:00,0.7357244031330332,1,0
2019-12-17 14:15:00,0.9125030112610428,1,0
2019-12-17 14:20:00,0.6392214061014848,1,0
2019-12-17 14:25:00,0.9807435427572145,1,0
2019-12-17 14:30:00,0.9896045178348586,1,0
2019-12-17 14:35:00,0.9666095035353686,1,0
2019-12-17 14:40:00,0.8456876805772288,1,0
2019-12-17 14:45:00,0.6340228355624412,1,0
2019-12-17 14:50:00,0.9744482993409581,1,0
2019-12-17 14:55:00,0.9836861782087439,1,0
2019-12-17 15:00:00,0.87247678251944,1,0
2019-12-17 15:05:00,0.6146798256126009,1,0
2019-12-17 15:10:00,0.6250864732283541,1,0
2019-12-17 15:15:00,0.9658571480089474,1,0
2019-12-17 15:20:00,0.9815767277564998,1,0
2019-12-17 15:25:00,0.9875343738407724,1,0
2019-12-17 15:30:00,0.8854474535122975,1,0
2019-12-17 15:35:00,0.6855396673254874,1,0
2019-12-17 15:40:00,0.9816285328408793,1,0
2019-12-17 15:45:00,0.976444692054687,1,0
2019-12-17 15:50:00,0.9250409824716932,1,0
2019-12-17 15:55:00,0.8095095821335806,1,0
2019-12-17 16:00:00,0.9225127486172805,1,0
2019-12-17 16:05:00,0.8751090617590354,1,0
2019-12-17 16:10:00,0.5784472778282685,1,0
2019-12-17 16:15:00,0.6297872611128807,1,0
2019-12-17 16:20:00,0.8856954486979665,1,0
2019-12-17 16:25:00,0.8483649268297591,1,0
2019-12-17 16:30:00,0.738373645580474,1,0
2019-12-17 16:35:00,0.9346398375453426,1,0
2019-12-17 16:40:00,0.6987736582392788,1,0
2019-12-17 16:45:00,0.686217668716627,1,0
2019-12-17 16:50:00,0.7571963096810873,1,0
2019-12-17 16:55:00,0.9098087378171574,1,0
2019-12-17 17:00:00,0.9983843986927687,1,1
2019-12-17 17:05:00,0.9978989027808626,1,1
2019-12-17 17:10:00,0.9943587256252814,1,1
2019-12-17 17:15:00,0.9859874342283264,1,1
2019-12-17 17:20:00,0.9809049746218008,1,1
2019-12-17 17:25:00,0.9866902049291101,1,1
2019-12-17 17:30:00,0.9868346175943293,1,1
2019-12-17 17:35:00,0.9946997518675007,1,1
2019-12-17 17:40:00,0.9967891918528567,1,1
2019-12-17 17:45:00,0.9912872548750763,1,1
2019-12-17 17:50:00,0.989439931933633,1,1
2019-12-17 17:55:00,0.9853477286028365,1,1
2019-12-17 18:00:00,0.9825244899150937,1,1
2019-12-17 18:05:00,0.9841670613194404,1,1
2019-12-17 18:10:00,0.9809933723841417,1,1
2019-12-17 18:15:00,0.9774075191852756,1,1
2019-12-17 18:20:00,0.9806449252079145,1,1
2019-12-17 18:25:00,0.9841350852542917,1,1
2019-12-17 18:30:00,0.9932321514689735,1,1
2019-12-17 18:35:00,0.9972565071280021,1,1
2019-12-17 18:40:00,0.9916974811638316,1,1
2019-12-17 18:45:00,0.9846952522504829,1,1
2019-12-17 18:50:00,0.9882347505649259,1,1
2019-12-17 18:55:00,0.9980744287210213,1,1
2019-12-17 19:00:00,0.9858672160184625,1,1
2019-12-17 19:05:00,0.980749924186216,1,1
2019-12-17 19:10:00,0.9875224116258665,1,1
2019-12-17 19:15:00,0.9380090713968873,1,1
2019-12-17 19:20:00,0.988605144878341,1,1
2019-12-17 19:25:00,0.9851750861415437,1,1
2019-12-17 19:30:00,0.9730751360091828,1,1
2019-12-17 19:35:00,0.983197721391693,1,1
2019-12-17 19:40:00,0.979369670469679,1,1
2019-12-17 19:45:00,0.9821885479116707,1,1
2019-12-17 19:50:00,0.9798345068482548,1,1
2019-12-17 19:55:00,0.9796908065049049,1,1
2019-12-17 20:00:00,0.9778674029435876,1,1
2019-12-17 20:05:00,0.9865151601146698,1,1
2019-12-17 20:10:00,0.9793883220407709,1,1
2019-12-17 20:15:00,0.9776567307265229,1,1
2019-12-17 20:20:00,0.978146026192459,1,1
2019-12-17 20:25:00,0.9861291616815365,1,1
2019-12-17 20:30:00,0.9949171210220518,1,1
2019-12-17 20:35:00,0.9921243802397595,1,1
2019-12-17 20:40:00,0.9790583254648104,1,1
2019-12-17 20:45:00,0.9897701288670834,1,1
2019-12-17 20:50:00,0.9860711453123389,1,1
2019-12-17 20:55:00,0.9870872737541623,1,1
2019-12-17 21:00:00,0.9955008979808091,1,1
2019-12-17 21:05:00,0.9943318994035617,1,1
2019-12-17 21:10:00,0.981393663929677,1,1
2019-12-17 21:15:00,0.9774495621567879,1,1
2019-12-17 21:20:00,0.9850035296260007,1,1
2019-12-17 21:25:00,0.9896802024567378,1,1
2019-12-17 21:30:00,0.9811190511552166,1,1
2019-12-17 21:35:00,0.9897734102040813,1,1
2019-12-17 21:40:00,0.9866846864184401,1,1
2019-12-17 21:45:00,0.9800135572825752,1,1
2019-12-17 21:50:00,0.9788350412486019,1,1
2019-12-17 21:55:00,0.9876833679509229,1,1
2019-12-17 22:00:00,0.9706296503697719,1,1
2019-12-17 22:05:00,0.9867403493330512,1,1
2019-12-17 22:10:00,0.9869335921728074,1,1
2019-12-17 22:15:00,0.984739756999967,1,1
2019-12-17 22:20:00,0.9818915264598116,1,1
2019-12-17 22:25:00,0.9913276861977364,1,1
2019-12-17 22:30:00,0.9896838387184194,1,1
2019-12-17 22:35:00,0.9935422558875842,1,1
2019-12-17 22:40:00,0.9835821128342357,1,1
2019-12-17 22:45:00,0.990218400604856,1,1
2019-12-17 22:50:00,0.9785436887362234,1,1
2019-12-17 22:55:00,0.9928320213821957,1,1
2019-12-17 23:00:00,0.9978267701475961,1,1
2019-12-17 23:05:00,0.9898920383392443,1,1
2019-12-17 23:10:00,0.9925962436342334,1,1
2019-12-17 23:15:00,0.9861063632870832,1,1
2019-12-17 23:20:00,0.9896306009300905,1,1
2019-12-17 23:25:00,0.9758045120146023,1,1
2019-12-17 23:30:00,0.9838929211701006,1,1
2019-12-17 23:35:00,0.9900308317224873,1,1
2019-12-17 23:40:00,0.9798917506897339,1,1
2019-12-17 23:45:00,0.9899799572663012,1,1
2019-12-17 23:50:00,0.9899003818790217,1,1
2019-12-17 23:55:00,0.993014866091891,1,1
2019-12-18 00:00:00,0.9905853850906399,1,1
2019-12-18 00:05:00,0.9945445898904919,1,1
2019-12-18 00:10:00,0.9905665206050707,1,1
2019-12-18 00:15:00,0.9875177146620928,1,1
2019-12-18 00:20:00,0.9793411672816,1,1
2019-12-18 00:25:00,0.9926132107700506,1,1
2019-12-18 00:30:00,0.9903053085091791,1,1
2019-12-18 00:35:00,0.9908514804545412,1,1
2019-12-18 00:40:00,0.9919504260412098,1,1
2019-12-18 00:45:00,0.9919064737605898,1,1
2019-12-18 00:50:00,0.9919954890600718,1,1
2019-12-18 00:55:00,0.9821269645235173,1,1
2019-12-18 01:00:00,0.9952501663354337,1,1
2019-12-18 01:05:00,0.9887870687122803,1,1
2019-12-18 01:10:00,0.9903240967035702,1,1
2019-12-18 01:15:00,0.9827880081401787,1,1
2019-12-18 01:20:00,0.9898468162225721,1,1
2019-12-18 01:25:00,0.9895633723839298,1,1
2019-12-18 01:30:00,0.9882052935083765,1,1
2019-12-18 01:35:00,0.9890177143057625,1,1
2019-12-18 01:40:00,0.9899618330756955,1,1
2019-12-18 01:45:00,0.9824536094424579,1,1
2019-12-18 01:50:00,0.9912316763644085,1,1
2019-12-18 01:55:00,0.9900912360238492,1,1
2019-12-18 02:00:00,0.986969512294708,1,1
2019-12-18 02:05:00,0.9819850547412761,1,1
2019-12-18 02:10:00,0.9868232442995554,1,1
2019-12-18 02:15:00,0.9788318531987807,1,1
2019-12-18 02:20:00,0.9883163367556491,1,1
2019-12-18 02:25:00,0.989955713903244,1,1
2019-12-18 02:30:00,0.9874818492956335,1,1
2019-12-18 02:35:00,0.9866267200607849,1,1
2019-12-18 02:40:00,0.9904474464678229,1,1
2019-12-18 02:45:00,0.9900432154501758,1,1
2019-12-18 02:50:00,0.9819936727931645,1,1
2019-12-18 02:55:00,0.9840013372049261,1,1
2019-12-18 03:00:00,0.9829376302756084,1,1
2019-12-18 03:05:00,0.984859287778935,1,1
2019-12-18 03:10:00,0.9879162830764269,1,1
2019-12-18 03:15:00,0.9853252162876107,1,1
2019-12-18 03:20:00,0.9846958970020331,1,1
2019-12-18 03:25:00,0.9842426415669913,1,1
2019-12-18 03:30:00,0.9909540772309486,1,1
2019-12-18 03:35:00,0.989513655748654,1,1
2019-12-18 03:40:00,0.9889261366105057,1,1
2019-12-18 03:45:00,0.9868743532274014,1,1
2019-12-18 03:50:00,0.987984363240835,1,1
2019-12-18 03:55:00,0.9798085036114464,1,1
2019-12-18 04:00:00,0.9893156569714098,1,1
2019-12-18 04:05:00,0.9897951842987559,1,1
2019-12-18 04:10:00,0.9895880006946024,1,1
2019-12-18 04:15:00,0.9904246744337434,1,1
2019-12-18 04:20:00,0.9908675417824837,1,1
2019-12-18 04:25:00,0.9875863701425048,1,1
2019-12-18 04:30:00,0.9876025435407455,1,1
2019-12-18 04:35:00,0.9761560268701156,1,1
2019-12-18 04:40:00,0.9862573406846903,1,1
2019-12-18 04:45:00,0.9911809802195429,1,1
2019-12-18 04:50:00,0.9895816423874015,1,1
2019-12-18 04:55:00,0.9905269388031649,1,1
2019-12-18 05:00:00,0.9899007006504499,1,1
2019-12-18 05:05:00,0.9900879344669087,1,1
2019-12-18 05:10:00,0.9917176920498267,1,1
2019-12-18 05:15:00,0.979146582856085,1,1
2019-12-18 05:20:00,0.9920166192755024,1,1
2019-12-18 05:25:00,0.9906048179088831,1,1
2019-12-18 05:30:00,0.9875369577057107,1,1
2019-12-18 05:35:00,0.979346612616522,1,1
2019-12-18 05:40:00,0.9891843377250494,1,1
2019-12-18 05:45:00,0.9789421764390354,1,1
2019-12-18 05:50:00,0.9816834217438455,1,1
2019-12-18 05:55:00,0.9856088752253196,1,1
2019-12-18 06:00:00,0.9863841207061065,1,1
2019-12-18 06:05:00,0.9878242412685728,1,1
2019-12-18 06:10:00,0.9895858668879173,1,1
2019-12-18 06:15:00,0.9688580922084208,1,1
2019-12-18 06:20:00,0.9758143071220832,1,1
2019-12-18 06:25:00,0.9788020361581292,1,1
2019-12-18 06:30:00,0.9780321531184045,1,1
2019-12-18 06:35:00,0.9775692459659641,1,1
2019-12-18 06:40:00,0.9775477104921765,1,1
2019-12-18 06:45:00,0.9776143733275448,1,1
2019-12-18 06:50:00,0.9794247999746093,1,1
2019-12-18 06:55:00,0.9784809243649943,1,1
2019-12-18 07:00:00,0.9775711358809157,1,1
2019-12-18 07:05:00,0.9786827203462697,1,1
2019-12-18 07:10:00,0.9774103141464479,1,1
2019-12-18 07:15:00,0.9763713864683172,1,1
2019-12-18 07:20:00,0.9788372526502047,1,1
2019-12-18 07:25:00,0.9804040493926727,1,1
2019-12-18 07:30:00,0.9777794519166204,1,1
2019-12-18 07:35:00,0.9832357721943359,1,1
2019-12-18 07:40:00,0.9789884278613308,1,1
2019-12-18 07:45:00,0.9784316351634963,1,1
2019-12-18 07:50:00,0.9787847640233652,1,1
2019-12-18 07:55:00,0.9852928381040175,1,1
2019-12-18 08:00:00,0.9768307879653678,1,1
2019-12-18 08:05:00,0.9900916028240503,1,1
2019-12-18 08:10:00,0.98900340666099,1,1
2019-12-18 08:15:00,0.9783081010668121,1,1
2019-12-18 08:20:00,0.9777572482100763,1,1
2019-12-18 08:25:00,0.9774000549987862,1,1
2019-12-18 08:30:00,0.9782952604615939,1,1
2019-12-18 08:35:00,0.9788294820480344,1,1
2019-12-18 08:40:00,0.9778523986282724,1,1
2019-12-18 08:45:00,0.9769666230466151,1,1
2019-12-18 08:50:00,0.9863549673866312,1,1
2019-12-18 08:55:00,0.9895366934663207,1,1
2019-12-18 09:00:00,0.9873404076315365,1,1
2019-12-18 09:05:00,0.9866682156086884,1,1
2019-12-18 09:10:00,0.982319572869803,1,1
2019-12-18 09:15:00,0.9885192986917253,1,1
2019-12-18 09:20:00,0.9839436574794655,1,1
2019-12-18 09:25:00,0.9841042526555303,1,1
2019-12-18 09:30:00,0.9779090299915624,1,1
2019-12-18 09:35:00,0.9775894832184006,1,1
2019-12-18 09:40:00,0.9780008110323042,1,1
2019-12-18 09:45:00,0.9772965712930878,1,1
2019-12-18 09:50:00,0.9737188923421772,1,1
2019-12-18 09:55:00,0.9677833848417072,1,1
2019-12-18 10:00:00,0.9775368550624844,1,1
2019-12-18 10:05:00,0.9794352953223633,1,1
2019-12-18 10:10:00,0.9831251429700406,1,1
2019-12-18 10:15:00,0.9827874256808932,1,1
2019-12-18 10:20:00,0.9756129677491298,1,1
2019-12-18 10:25:00,0.9750668885235145,1,1
2019-12-18 10:30:00,0.9888058481970756,1,1
2019-12-18 10:35:00,0.9864231007861652,1,1
2019-12-18 10:40:00,0.9766734854274742,1,1
2019-12-18 10:45:00,0.980891214717986,1,1
2019-12-18 10:50:00,0.9729420069624826,1,1
2019-12-18 10:55:00,0.997112841714168,1,1
2019-12-18 11:00:00,0.9979217559347846,1,1
2019-12-18 11:05:00,0.9882113267952833,1,1
2019-12-18 11:10:00,0.9885082386615703,1,1
2019-12-18 11:15:00,0.990018602646167,1,1
2019-12-18 11:20:00,0.9883717791861332,1,1
2019-12-18 11:25:00,0.9951697129116047,1,1
2019-12-18 11:30:00,0.9921007925012654,1,1
2019-12-18 11:35:00,0.9870854442455144,1,1
2019-12-18 11:40:00,0.9900576116754559,1,1
2019-12-18 11:45:00,0.985723526582132,1,1
2019-12-18 11:50:00,0.9977161942101399,1,1
2019-12-18 11:55:00,0.9989691666239756,1,1
2019-12-18 12:00:00,0.9952714090933044,1,1
2019-12-18 12:05:00,0.9921166795805544,1,1
2019-12-18 12:10:00,0.9905948660700571,1,1
2019-12-18 12:15:00,0.9983786551871605,1,1
2019-12-18 12:20:00,0.998095827324934,1,1
2019-12-18 12:25:00,0.9868970233986422,1,1
2019-12-18 12:30:00,0.9920801025859161,1,1
2019-12-18 12:35:00,0.9904799751682454,1,1
2019-12-18 12:40:00,0.989597488974361,1,1
2019-12-18 12:45:00,0.991147176981065,1,1
2019-12-18 12:50:00,0.9930135065567531,1,1
2019-12-18 12:55:00,0.9973483837723338,1,1
2019-12-18 13:00:00,0.993506938433315,1,1
2019-12-18 13:05:00,0.9928327121904167,1,1
2019-12-18 13:10:00,0.9970723591504026,1,1
2019-12-18 13:15:00,0.9831553154886877,1,1
2019-12-18 13:20:00,0.9971818322580426,1,1
2019-12-18 13:25:00,0.9939286544111942,1,1
2019-12-18 13:30:00,0.9965995141211982,1,1
2019-12-18 13:35:00,0.9927587236318893,1,1
2019-12-18 13:40:00,0.9937087005616937,1,1
2019-12-18 13:45:00,0.9954645702854731,1,1
2019-12-18 13:50:00,0.9917272950348921,1,1
2019-12-18 13:55:00,0.9943841888690745,1,1
2019-12-18 14:00:00,0.9949131957076854,1,1
2019-12-18 14:05:00,0.9969654098704283,1,1
2019-12-18 14:10:00,0.99633184923551,1,1
2019-12-18 14:15:00,0.9961949302101624,1,1
2019-12-18 14:20:00,0.996171593997874,1,1
2019-12-18 14:25:00,0.9804774955014203,1,1
2019-12-18 14:30:00,0.9851865533657181,1,1
2019-12-18 14:35:00,0.9907450705775999,1,1
2019-12-18 14:40:00,0.9875313720494354,1,1
2019-12-18 14:45:00,0.9790839495673113,1,1
2019-12-18 14:50:00,0.9786996713045363,1,1
2019-12-18 14:55:00,0.9790059672249382,1,1
2019-12-18 15:00:00,0.9782413891862191,1,1
2019-12-18 15:05:00,0.9840512933165751,1,1
2019-12-18 15:10:00,0.988107612858215,1,1
2019-12-18 15:15:00,0.966373524227103,1,1
2019-12-18 15:20:00,0.9837118621930955,1,1
2019-12-18 15:25:00,0.9908423628361082,1,1
2019-12-18 15:30:00,0.9806886448440042,1,1
2019-12-18 15:35:00,0.9836748427618399,1,1
2019-12-18 15:40:00,0.9832032466060786,1,1
2019-12-18 15:45:00,0.9780049313311411,1,1
2019-12-18 15:50:00,0.9918131580149107,1,1
2019-12-18 15:55:00,0.9819860654890643,1,1
2019-12-18 16:00:00,0.979901030444982,1,1
2019-12-18 16:05:00,0.980650953595947,1,1
2019-12-18 16:10:00,0.9784753054720803,1,1
2019-12-18 16:15:00,0.9819699374896856,1,1
2019-12-18 16:20:00,0.9932516065021662,1,1
2019-12-18 16:25:00,0.9980948348764515,1,1
2019-12-18 16:30:00,0.9980707632255786,1,1
2019-12-18 16:35:00,0.9981328660078249,1,1
2019-12-18 16:40:00,0.9981479690405555,1,1
2019-12-18 16:45:00,0.9981479690405555,1,1
2019-12-18 16:50:00,0.998144362866253,1,1
2019-12-18 16:55:00,0.9981397170394652,1,1
2019-12-18 17:00:00,0.9979788753547185,1,1
2019-12-18 17:05:00,0.9979373081848133,1,1
2019-12-18 17:10:00,0.9981329068384268,1,1
2019-12-18 17:15:00,0.9981479690405555,1,1
2019-12-18 17:20:00,0.998138346707518,1,1
2019-12-18 17:25:00,0.998127399411735,1,1
2019-12-18 17:30:00,0.998127399411735,1,1
2019-12-18 17:35:00,0.9974704887639219,1,1
2019-12-18 17:40:00,0.97984827794009,1,1
2019-12-18 17:45:00,0.9784222783034507,1,1
2019-12-18 17:50:00,0.9778792928968477,1,1
2019-12-18 17:55:00,0.9792342933804552,1,1
2019-12-18 18:00:00,0.9800839156563661,1,1
2019-12-18 18:05:00,0.9796053168000568,1,1
2019-12-18 18:10:00,0.9776111528990891,1,1
2019-12-18 18:15:00,0.9800198980659349,1,1
2019-12-18 18:20:00,0.9790314426094545,1,1
2019-12-18 18:25:00,0.9784806496260889,1,1
2019-12-18 18:30:00,0.9782231338741821,1,1
2019-12-18 18:35:00,0.9830713907178366,1,1
2019-12-18 18:40:00,0.9782507983540917,1,1
2019-12-18 18:45:00,0.9775944858399604,1,1
2019-12-18 18:50:00,0.9795538896684108,1,1
2019-12-18 18:55:00,0.9892568205284586,1,1
2019-12-18 19:00:00,0.9793854012191988,1,1
2019-12-18 19:05:00,0.980035997759187,1,1
2019-12-18 19:10:00,0.9806458092991324,1,1
2019-12-18 19:15:00,0.9791470254969196,1,1
2019-12-18 19:20:00,0.9802928127285979,1,1
2019-12-18 19:25:00,0.9790010193370612,1,1
2019-12-18 19:30:00,0.9790278684956759,1,1
2019-12-18 19:35:00,0.9790221151049144,1,1
2019-12-18 19:40:00,0.9781203120892643,1,1
2019-12-18 19:45:00,0.9809181106891554,1,1
2019-12-18 19:50:00,0.988819859119811,1,1
2019-12-18 19:55:00,0.9902099080892492,1,1
2019-12-18 20:00:00,0.990227974276245,1,1
2019-12-18 20:05:00,0.9888301949712199,1,1
2019-12-18 20:10:00,0.993498040097823,1,1
2019-12-18 20:15:00,0.9958603616403915,1,1
2019-12-18 20:20:00,0.982608036912266,1,1
2019-12-18 20:25:00,0.9806114100047852,1,1
2019-12-18 20:30:00,0.9781036856958873,1,1
2019-12-18 20:35:00,0.9948249116500995,1,1
2019-12-18 20:40:00,0.9936448789804799,1,1
2019-12-18 20:45:00,0.9964297937821192,1,1
2019-12-18 20:50:00,0.989847122144077,1,1
2019-12-18 20:55:00,0.9790071182218946,1,1
2019-12-18 21:00:00,0.9851573037221658,1,1
2019-12-18 21:05:00,0.9961540770536714,1,1
2019-12-18 21:10:00,0.9881623883739773,1,1
2019-12-18 21:15:00,0.9761519466547951,1,1
2019-12-18 21:20:00,0.9826526010694313,1,1
2019-12-18 21:25:00,0.9890499439899708,1,1
2019-12-18 21:30:00,0.9946951726579221,1,1
2019-12-18 21:35:00,0.9835868430463303,1,1
2019-12-18 21:40:00,0.9929787622547098,1,1
2019-12-18 21:45:00,0.9977979388587053,1,1
2019-12-18 21:50:00,0.9946612092354626,1,1
2019-12-18 21:55:00,0.9939662564682465,1,1
2019-12-18 22:00:00,0.9937857262597684,1,1
2019-12-18 22:05:00,0.9892970117003912,1,1
2019-12-18 22:10:00,0.9885892710080506,1,1
2019-12-18 22:15:00,0.9918693359441767,1,1
2019-12-18 22:20:00,0.9923966429460948,1,1
2019-12-18 22:25:00,0.9813358877804573,1,1
2019-12-18 22:30:00,0.9922528545457465,1,1
2019-12-18 22:35:00,0.9850492946113246,1,1
2019-12-18 22:40:00,0.9871241475373029,1,1
2019-12-18 22:45:00,0.9869538164345885,1,1
2019-12-18 22:50:00,0.984542116780675,1,1
2019-12-18 22:55:00,0.9894660150698766,1,1
2019-12-18 23:00:00,0.9928096080968689,1,1
2019-12-18 23:05:00,0.9978197780493657,1,1
2019-12-18 23:10:00,0.9813448909683369,1,1
2019-12-18 23:15:00,0.9934260441067971,1,1
2019-12-18 23:20:00,0.9929743788270396,1,1
2019-12-18 23:25:00,0.9926962287323484,1,1
2019-12-18 23:30:00,0.9903099492496437,1,1
2019-12-18 23:35:00,0.9858584322095677,1,1
2019-12-18 23:40:00,0.9898313737141983,1,1
2019-12-18 23:45:00,0.9854381850180417,1,1
2019-12-18 23:50:00,0.9743625386648082,1,1
2019-12-18 23:55:00,0.9829477781973542,1,1
2019-12-19 00:00:00,0.9844658673030063,1,1
2019-12-19 00:05:00,0.9772141276240138,1,1
2019-12-19 00:10:00,0.9825620451199385,1,1
2019-12-19 00:15:00,0.9914581776984804,1,1
2019-12-19 00:20:00,0.9842336647587692,1,1
2019-12-19 00:25:00,0.9729231374127856,1,1
2019-12-19 00:30:00,0.9888868669651589,1,1
2019-12-19 00:35:00,0.9840782479964681,1,1
2019-12-19 00:40:00,0.9883743574694603,1,1
2019-12-19 00:45:00,0.9750273111948461,1,1
2019-12-19 00:50:00,0.9899010330643092,1,1
2019-12-19 00:55:00,0.9855591528531159,1,1
2019-12-19 01:00:00,0.9894970374623474,1,1
2019-12-19 01:05:00,0.9886096048873035,1,1
2019-12-19 01:10:00,0.9829086171255145,1,1
2019-12-19 01:15:00,0.986952108203696,1,1
2019-12-19 01:20:00,0.9881314618753838,1,1
2019-12-19 01:25:00,0.9897867782354638,1,1
2019-12-19 01:30:00,0.9852198562439284,1,1
2019-12-19 01:35:00,0.9763844121767402,1,1
2019-12-19 01:40:00,0.990097746231477,1,1
2019-12-19 01:45:00,0.9895752622855465,1,1
2019-12-19 01:50:00,0.9831894571622396,1,1
2019-12-19 01:55:00,0.98565795397654,1,1
2019-12-19 02:00:00,0.9896305585752223,1,1
2019-12-19 02:05:00,0.9886117326453389,1,1
2019-12-19 02:10:00,0.9898434404934464,1,1
2019-12-19 02:15:00,0.9880611268021529,1,1
2019-12-19 02:20:00,0.9806806434386586,1,1
2019-12-19 02:25:00,0.971979461904267,1,1
2019-12-19 02:30:00,0.9900355790351006,1,1
2019-12-19 02:35:00,0.9792789300919795,1,1
2019-12-19 02:40:00,0.9897697296314462,1,1
2019-12-19 02:45:00,0.9736452133640365,1,1
2019-12-19 02:50:00,0.9869307021127731,1,1
2019-12-19 02:55:00,0.9892193973898377,1,1
2019-12-19 03:00:00,0.9905657629461767,1,1
2019-12-19 03:05:00,0.9833082787813785,1,1
2019-12-19 03:10:00,0.9488235838518727,1,1
2019-12-19 03:15:00,0.9100133212027804,1,1
2019-12-19 03:20:00,0.9785987168256242,1,1
2019-12-19 03:25:00,0.9860071645261301,1,1
2019-12-19 03:30:00,0.9815593194577511,1,1
2019-12-19 03:35:00,0.9845454781998009,1,1
2019-12-19 03:40:00,0.9682187706051112,1,1
2019-12-19 03:45:00,0.9902519196283902,1,1
2019-12-19 03:50:00,0.9883916129050776,1,1
2019-12-19 03:55:00,0.9886098580393107,1,1
2019-12-19 04:00:00,0.9060578661134983,1,1
2019-12-19 04:05:00,0.950066382460046,1,1
2019-12-19 04:10:00,0.9901574912825164,1,1
2019-12-19 04:15:00,0.9838305965733851,1,1
2019-12-19 04:20:00,0.9890608686965279,1,1
2019-12-19 04:25:00,0.989988290457903,1,1
2019-12-19 04:30:00,0.9898158578257604,1,1
2019-12-19 04:35:00,0.9896326538861552,1,1
2019-12-19 04:40:00,0.9871156572321274,1,1
2019-12-19 04:45:00,0.989649209226086,1,1
2019-12-19 04:50:00,0.9669198276788356,1,1
2019-12-19 04:55:00,0.9882851971218418,1,1
2019-12-19 05:00:00,0.9901595036993359,1,1
2019-12-19 05:05:00,0.9855650067282551,1,1
2019-12-19 05:10:00,0.9903498471606804,1,1
2019-12-19 05:15:00,0.9840290818670132,1,1
2019-12-19 05:20:00,0.9861415661675208,1,1
2019-12-19 05:25:00,0.986059906593137,1,1
2019-12-19 05:30:00,0.9888115051780095,1,1
2019-12-19 05:35:00,0.9848417634509798,1,1
2019-12-19 05:40:00,0.9846316941627131,1,1
2019-12-19 05:45:00,0.9891574253477374,1,1
2019-12-19 05:50:00,0.9900101373933888,1,1
2019-12-19 05:55:00,0.9883413349557886,1,1
2019-12-19 06:00:00,0.9888540755033389,1,1
2019-12-19 06:05:00,0.9823470652096451,1,1
2019-12-19 06:10:00,0.989583403486156,1,1
2019-12-19 06:15:00,0.9895270224560806,1,1
2019-12-19 06:20:00,0.9784623841891983,1,1
2019-12-19 06:25:00,0.9772302966376127,1,1
2019-12-19 06:30:00,0.9777230998118879,1,1
2019-12-19 06:35:00,0.9776130959099798,1,1
2019-12-19 06:40:00,0.9771756576501628,1,1
2019-12-19 06:45:00,0.9773854584872571,1,1
2019-12-19 06:50:00,0.9784938643951991,1,1
2019-12-19 06:55:00,0.9773414725272215,1,1
2019-12-19 07:00:00,0.9776189012225862,1,1
2019-12-19 07:05:00,0.9873895030518832,1,1
2019-12-19 07:10:00,0.9778065664609348,1,1
2019-12-19 07:15:00,0.9759095208997275,1,1
2019-12-19 07:20:00,0.9767995788862965,1,1
2019-12-19 07:25:00,0.9771906106365825,1,1
2019-12-19 07:30:00,0.97596787173783,1,1
2019-12-19 07:35:00,0.9779623025429752,1,1
2019-12-19 07:40:00,0.9781212161832016,1,1
2019-12-19 07:45:00,0.9779296550782698,1,1
2019-12-19 07:50:00,0.9814401663894093,1,1
2019-12-19 07:55:00,0.9845404641148067,1,1
2019-12-19 08:00:00,0.9786802229351744,1,1
2019-12-19 08:05:00,0.9899553464627097,1,1
2019-12-19 08:10:00,0.9964603877194121,1,1
2019-12-19 08:15:00,0.99716458576965,1,1
2019-12-19 08:20:00,0.9884331584457146,1,1
2019-12-19 08:25:00,0.9913121316532267,1,1
2019-12-19 08:30:00,0.9962124003983704,1,1
2019-12-19 08:35:00,0.9951843719827608,1,1
2019-12-19 08:40:00,0.9945989557061158,1,1
2019-12-19 08:45:00,0.9955204320158183,1,1
2019-12-19 08:50:00,0.9943252163337873,1,1
2019-12-19 08:55:00,0.9935793053387603,1,1
2019-12-19 09:00:00,0.9960708247628264,1,1
2019-12-19 09:05:00,0.9897034545904044,1,1
2019-12-19 09:10:00,0.9830467032800868,1,1
2019-12-19 09:15:00,0.9955331100367346,1,1
2019-12-19 09:20:00,0.9879175919511584,1,1
2019-12-19 09:25:00,0.9966605615105508,1,1
2019-12-19 09:30:00,0.9979312647221985,1,1
2019-12-19 09:35:00,0.9935995268810608,1,1
2019-12-19 09:40:00,0.9792228120545545,1,1
2019-12-19 09:45:00,0.9911210211784162,1,1
2019-12-19 09:50:00,0.9895324999493567,1,1
2019-12-19 09:55:00,0.9909430765623796,1,1
2019-12-19 10:00:00,0.9963443544488068,1,1
2019-12-19 10:05:00,0.9975194406413919,1,1
2019-12-19 10:10:00,0.9987395752213307,1,1
2019-12-19 10:15:00,0.9990606676638447,1,1
2019-12-19 10:20:00,0.9981989542953145,1,1
2019-12-19 10:25:00,0.998756490129288,1,1
2019-12-19 10:30:00,0.9990293232129711,1,1
2019-12-19 10:35:00,0.998447625734746,1,1
2019-12-19 10:40:00,0.9928699649971481,1,1
2019-12-19 10:45:00,0.9917251193001626,1,1
2019-12-19 10:50:00,0.9949590497390681,1,1
2019-12-19 10:55:00,0.9957158342939616,1,1
2019-12-19 11:00:00,0.9976667060815362,1,1
2019-12-19 11:05:00,0.9977677041379645,1,1
2019-12-19 11:10:00,0.991408779340207,1,1
2019-12-19 11:15:00,0.9917497265734673,1,1
2019-12-19 11:20:00,0.9923418142568502,1,1
2019-12-19 11:25:00,0.9912433941298054,1,1
2019-12-19 11:30:00,0.9778887388780354,1,1
2019-12-19 11:35:00,0.9862217973677082,1,1
2019-12-19 11:40:00,0.986494810706408,1,1
2019-12-19 11:45:00,0.955341998695421,1,1
2019-12-19 11:50:00,0.9853705590958525,1,1
2019-12-19 11:55:00,0.9800460739974077,1,1
2019-12-19 12:00:00,0.9870799411348452,1,1
2019-12-19 12:05:00,0.973650764622544,1,1
2019-12-19 12:10:00,0.9875782103015923,1,1
2019-12-19 12:15:00,0.994459021990564,1,1
2019-12-19 12:20:00,0.9978672457100978,1,1
2019-12-19 12:25:00,0.9963852083814321,1,1
2019-12-19 12:30:00,0.9900270704498504,1,1
2019-12-19 12:35:00,0.9870738876710733,1,1
2019-12-19 12:40:00,0.9931643126492841,1,1
2019-12-19 12:45:00,0.989201777391654,1,1
2019-12-19 12:50:00,0.9855950628320844,1,1
2019-12-19 12:55:00,0.9597475262383851,1,1
2019-12-19 13:00:00,0.9927835786353089,1,1
2019-12-19 13:05:00,0.987692323466345,1,1
2019-12-19 13:10:00,0.9906383912245503,1,1
2019-12-19 13:15:00,0.9604708668838926,1,1
2019-12-19 13:20:00,0.9922739317131632,1,1
2019-12-19 13:25:00,0.9679055625954256,1,1
2019-12-19 13:30:00,0.9919411797268217,1,1
2019-12-19 13:35:00,0.9733729287721645,1,1
2019-12-19 13:40:00,0.9837034595330836,1,1
2019-12-19 13:45:00,0.9896532511455767,1,1
2019-12-19 13:50:00,0.9882230284814824,1,1
2019-12-19 13:55:00,0.9986445437490727,1,1
2019-12-19 14:00:00,0.9984620609423354,1,1
2019-12-19 14:05:00,0.9983178481164475,1,1
2019-12-19 14:10:00,0.9936382507978402,1,1
2019-12-19 14:15:00,0.990690202132566,1,1
2019-12-19 14:20:00,0.9979458315408242,1,1
2019-12-19 14:25:00,0.9813715866453994,1,1
2019-12-19 14:30:00,0.9835662920382054,1,1
2019-12-19 14:35:00,0.9894450648391799,1,1
2019-12-19 14:40:00,0.9822742213879239,1,1
2019-12-19 14:45:00,0.9922904053411878,1,1
2019-12-19 14:50:00,0.9934693520937457,1,1
2019-12-19 14:55:00,0.9809321096369547,1,1
2019-12-19 15:00:00,0.97991528919689,1,1
2019-12-19 15:05:00,0.9857027963385265,1,1
2019-12-19 15:10:00,0.978477166806436,1,1
2019-12-19 15:15:00,0.9947823699511704,1,1
2019-12-19 15:20:00,0.9971069573179254,1,1
2019-12-19 15:25:00,0.9962076031684324,1,1
2019-12-19 15:30:00,0.99664119077593,1,1
2019-12-19 15:35:00,0.9961065325864938,1,1
2019-12-19 15:40:00,0.9945681093715225,1,1
2019-12-19 15:45:00,0.9951727322547091,1,1
2019-12-19 15:50:00,0.9842311450556334,1,1
2019-12-19 15:55:00,0.9969813414379181,1,1
2019-12-19 16:00:00,0.9952911244973267,1,1
2019-12-19 16:05:00,0.9778148502746026,1,1
2019-12-19 16:10:00,0.9786944673146621,1,1
2019-12-19 16:15:00,0.9809651628491398,1,1
2019-12-19 16:20:00,0.9786075051402348,1,1
2019-12-19 16:25:00,0.9779210010406609,1,1
2019-12-19 16:30:00,0.9779749006078945,1,1
2019-12-19 16:35:00,0.9784357262374628,1,1
2019-12-19 16:40:00,0.9793771087071587,1,1
2019-12-19 16:45:00,0.9767998668846104,1,1
2019-12-19 16:50:00,0.9784407807510838,1,1
2019-12-19 16:55:00,0.9771359139143816,1,1
2019-12-19 17:00:00,0.9771015299694658,1,1
2019-12-19 17:05:00,0.9772851845670056,1,1
2019-12-19 17:10:00,0.9781061417048806,1,1
2019-12-19 17:15:00,0.9784803295949704,1,1
2019-12-19 17:20:00,0.9776638895086004,1,1
2019-12-19 17:25:00,0.9779389774486523,1,1
2019-12-19 17:30:00,0.9782034655797655,1,1
2019-12-19 17:35:00,0.9776950927467241,1,1
2019-12-19 17:40:00,0.9775631899633481,1,1
2019-12-19 17:45:00,0.9777793761219428,1,1
2019-12-19 17:50:00,0.9775767859436442,1,1
2019-12-19 17:55:00,0.978165633894093,1,1
2019-12-19 18:00:00,0.9783775041884185,1,1
2019-12-19 18:05:00,0.9787286187138922,1,1
2019-12-19 18:10:00,0.9773086056209594,1,1
2019-12-19 18:15:00,0.986693433437113,1,1
2019-12-19 18:20:00,0.9846650198114019,1,1
2019-12-19 18:25:00,0.9907472513023659,1,1
2019-12-19 18:30:00,0.9855726948680708,1,1
2019-12-19 18:35:00,0.9960200782487912,1,1
2019-12-19 18:40:00,0.9856193720771801,1,1
2019-12-19 18:45:00,0.9787297604681976,1,1
2019-12-19 18:50:00,0.9917596976367398,1,1
2019-12-19 18:55:00,0.9917555865874265,1,1
2019-12-19 19:00:00,0.9881498406381478,1,1
2019-12-19 19:05:00,0.9897115972601622,1,1
2019-12-19 19:10:00,0.9931978675727455,1,1
2019-12-19 19:15:00,0.9780601765662343,1,1
2019-12-19 19:20:00,0.9807505326617186,1,1
2019-12-19 19:25:00,0.9831483198966627,1,1
2019-12-19 19:30:00,0.9829488663800463,1,1
2019-12-19 19:35:00,0.982715257914205,1,1
2019-12-19 19:40:00,0.9873293921889257,1,1
2019-12-19 19:45:00,0.986074105518094,1,1
2019-12-19 19:50:00,0.9869704722729378,1,1
2019-12-19 19:55:00,0.9842249568580544,1,1
2019-12-19 20:00:00,0.9954899037962536,1,1
2019-12-19 20:05:00,0.9804625969098716,1,1
2019-12-19 20:10:00,0.9792579661579336,1,1
2019-12-19 20:15:00,0.980001459876299,1,1
2019-12-19 20:20:00,0.9846227878710149,1,1
2019-12-19 20:25:00,0.9834060594274285,1,1
2019-12-19 20:30:00,0.9758729093528107,1,1
2019-12-19 20:35:00,0.9755102089868294,1,1
2019-12-19 20:40:00,0.9914913859296137,1,1
2019-12-19 20:45:00,0.9804148370068275,1,1
2019-12-19 20:50:00,0.9930048241266336,1,1
2019-12-19 20:55:00,0.9855644460158779,1,1
2019-12-19 21:00:00,0.9870558594761305,1,1
2019-12-19 21:05:00,0.9972963289660842,1,1
2019-12-19 21:10:00,0.9981021073969023,1,1
2019-12-19 21:15:00,0.9987470121973114,1,1
2019-12-19 21:20:00,0.9982665359715968,1,1
2019-12-19 21:25:00,0.9979687508695217,1,1
2019-12-19 21:30:00,0.9977773730549604,1,1
2019-12-19 21:35:00,0.997670283069993,1,1
2019-12-19 21:40:00,0.9863478080383766,1,1
2019-12-19 21:45:00,0.9785399706153057,1,1
2019-12-19 21:50:00,0.9862990482523865,1,1
2019-12-19 21:55:00,0.9776091442147717,1,1
2019-12-19 22:00:00,0.9773999084417443,1,1
2019-12-19 22:05:00,0.9800803028587735,1,1
2019-12-19 22:10:00,0.9856140430146594,1,1
2019-12-19 22:15:00,0.9920449437959983,1,1
2019-12-19 22:20:00,0.9977224655224116,1,1
2019-12-19 22:25:00,0.9960978191636499,1,1
2019-12-19 22:30:00,0.9952892049184737,1,1
2019-12-19 22:35:00,0.9874884981970987,1,1
2019-12-19 22:40:00,0.9775025032667325,1,1
2019-12-19 22:45:00,0.9771950009396438,1,1
2019-12-19 22:50:00,0.9780715270534468,1,1
2019-12-19 22:55:00,0.9791459262127016,1,1
2019-12-19 23:00:00,0.980295242393296,1,1
2019-12-19 23:05:00,0.978125550588545,1,1
2019-12-19 23:10:00,0.9788970396394006,1,1
2019-12-19 23:15:00,0.9771526140236448,1,1
2019-12-19 23:20:00,0.9792423004113834,1,1
2019-12-19 23:25:00,0.977881648611991,1,1
2019-12-19 23:30:00,0.9819701027346722,1,1
2019-12-19 23:35:00,0.9794418955884662,1,1
2019-12-19 23:40:00,0.9783202823385162,1,1
2019-12-19 23:45:00,0.9797479860117015,1,1
2019-12-19 23:50:00,0.9805286220802344,1,1
2019-12-19 23:55:00,0.9793913304034335,1,1
2019-12-20 00:00:00,0.9811475089089666,1,1
2019-12-20 00:05:00,0.980850265520665,1,1
2019-12-20 00:10:00,0.9796400043559945,1,1
2019-12-20 00:15:00,0.9804171571367596,1,1
2019-12-20 00:20:00,0.980413343189512,1,1
2019-12-20 00:25:00,0.9892065628341347,1,1
2019-12-20 00:30:00,0.9907330355567462,1,1
2019-12-20 00:35:00,0.9896676331658412,1,1
2019-12-20 00:40:00,0.9864411275536494,1,1
2019-12-20 00:45:00,0.9713261881649168,1,1
2019-12-20 00:50:00,0.9861162888107307,1,1
2019-12-20 00:55:00,0.9743400858829399,1,1
2019-12-20 01:00:00,0.9740226672630694,1,1
2019-12-20 01:05:00,0.9811805576775271,1,1
2019-12-20 01:10:00,0.9895916400149232,1,1
2019-12-20 01:15:00,0.9802179698410186,1,1
2019-12-20 01:20:00,0.9780042010617555,1,1
2019-12-20 01:25:00,0.9789384667177404,1,1
2019-12-20 01:30:00,0.9789859187128978,1,1
2019-12-20 01:35:00,0.978220097829891,1,1
2019-12-20 01:40:00,0.9781811658947894,1,1
2019-12-20 01:45:00,0.9802426465124923,1,1
2019-12-20 01:50:00,0.9788385671858443,1,1
2019-12-20 01:55:00,0.9874425745849489,1,1
2019-12-20 02:00:00,0.980870073459678,1,1
2019-12-20 02:05:00,0.9774699458050469,1,1
2019-12-20 02:10:00,0.978607552879779,1,1
2019-12-20 02:15:00,0.970632019317914,1,1
2019-12-20 02:20:00,0.9761420895713422,1,1
2019-12-20 02:25:00,0.979578021581205,1,1
2019-12-20 02:30:00,0.9745406537785074,1,1
2019-12-20 02:35:00,0.9771801088288237,1,1
2019-12-20 02:40:00,0.9774718890461551,1,1
2019-12-20 02:45:00,0.9751244284629449,1,1
2019-12-20 02:50:00,0.9882546668050136,1,1
2019-12-20 02:55:00,0.9792104238537155,1,1
2019-12-20 03:00:00,0.9783091441526005,1,1
2019-12-20 03:05:00,0.9863760891631376,1,1
2019-12-20 03:10:00,0.986095618309876,1,1
2019-12-20 03:15:00,0.9779749118198557,1,1
2019-12-20 03:20:00,0.9831416286601036,1,1
2019-12-20 03:25:00,0.9877385770052266,1,1
2019-12-20 03:30:00,0.9666120075583742,1,1
2019-12-20 03:35:00,0.9789592542295045,1,1
2019-12-20 03:40:00,0.9889489664495249,1,1
2019-12-20 03:45:00,0.9792277507397404,1,1
2019-12-20 03:50:00,0.988861812095962,1,1
2019-12-20 03:55:00,0.9908115878919405,1,1
2019-12-20 04:00:00,0.9875616008759772,1,1
2019-12-20 04:05:00,0.9743988444128632,1,1
2019-12-20 04:10:00,0.9886738535604658,1,1
2019-12-20 04:15:00,0.9884688405341571,1,1
2019-12-20 04:20:00,0.9726950877364503,1,1
2019-12-20 04:25:00,0.9761194629316141,1,1
2019-12-20 04:30:00,0.9841772373700702,1,1
2019-12-20 04:35:00,0.9871042203160303,1,1
2019-12-20 04:40:00,0.9709137530074445,1,1
2019-12-20 04:45:00,0.990539663279224,1,1
2019-12-20 04:50:00,0.9885554708047672,1,1
2019-12-20 04:55:00,0.9799148844016282,1,1
2019-12-20 05:00:00,0.9901745293992944,1,1
2019-12-20 05:05:00,0.9902579075479312,1,1
2019-12-20 05:10:00,0.9906532703990925,1,1
2019-12-20 05:15:00,0.9861644675387262,1,1
2019-12-20 05:20:00,0.9963360511034257,1,1
2019-12-20 05:25:00,0.9984948058482238,1,1
2019-12-20 05:30:00,0.9978318225332661,1,1
2019-12-20 05:35:00,0.9978388873365759,1,1
2019-12-20 05:40:00,0.9956122179114237,1,1
2019-12-20 05:45:00,0.9966605654297888,1,1
2019-12-20 05:50:00,0.9919683093667023,1,1
2019-12-20 05:55:00,0.9927349500803837,1,1
2019-12-20 06:00:00,0.998930131547645,1,1
2019-12-20 06:05:00,0.9975583882528629,1,1
2019-12-20 06:10:00,0.995363276284832,1,1
2019-12-20 06:15:00,0.990199589658821,1,1
2019-12-20 06:20:00,0.977741045930481,1,1
2019-12-20 06:25:00,0.980604633680146,1,1
2019-12-20 06:30:00,0.9878301586563849,1,1
2019-12-20 06:35:00,0.9777122975251444,1,1
2019-12-20 06:40:00,0.9785208911442875,1,1
2019-12-20 06:45:00,0.9787715101659131,1,1
2019-12-20 06:50:00,0.9782325852897497,1,1
2019-12-20 06:55:00,0.9779910543926897,1,1
2019-12-20 07:00:00,0.9794906984674597,1,1
2019-12-20 07:05:00,0.9792459341314873,1,1
2019-12-20 07:10:00,0.9761704968806204,1,1
2019-12-20 07:15:00,0.9778062428130163,1,1
2019-12-20 07:20:00,0.9782924854278183,1,1
2019-12-20 07:25:00,0.9781114244449216,1,1
2019-12-20 07:30:00,0.9782414116218253,1,1
2019-12-20 07:35:00,0.9804524844340997,1,1
2019-12-20 07:40:00,0.990303962594384,1,1
2019-12-20 07:45:00,0.9797656464406976,1,1
2019-12-20 07:50:00,0.9787016620580319,1,1
2019-12-20 07:55:00,0.9778144702117242,1,1
2019-12-20 08:00:00,0.9948538562686273,1,1
2019-12-20 08:05:00,0.9975234162497499,1,1
2019-12-20 08:10:00,0.9935505415559054,1,1
2019-12-20 08:15:00,0.9778001082551394,1,1
2019-12-20 08:20:00,0.9782928809878855,1,1
2019-12-20 08:25:00,0.977186351807053,1,1
2019-12-20 08:30:00,0.9771780069426472,1,1
2019-12-20 08:35:00,0.9787879674821336,1,1
2019-12-20 08:40:00,0.9801830942673962,1,1
2019-12-20 08:45:00,0.9781187411456029,1,1
2019-12-20 08:50:00,0.9851542401003234,1,1
2019-12-20 08:55:00,0.9792467872380284,1,1
2019-12-20 09:00:00,0.9294482565355514,1,1
2019-12-20 09:05:00,0.964821396028102,1,1
2019-12-20 09:10:00,0.9672085794278084,1,1
2019-12-20 09:15:00,0.9836680927822207,1,1
2019-12-20 09:20:00,0.9854722885233063,1,1
2019-12-20 09:25:00,0.971593054234984,1,1
2019-12-20 09:30:00,0.974821575237588,1,1
2019-12-20 09:35:00,0.9876953457114105,1,1
2019-12-20 09:40:00,0.9885166727467988,1,1
2019-12-20 09:45:00,0.9892377464234232,1,1
2019-12-20 09:50:00,0.9892357238104252,1,1
2019-12-20 09:55:00,0.9899683631754124,1,1
2019-12-20 10:00:00,0.9899339109833448,1,1
2019-12-20 10:05:00,0.9877660530462233,1,1
2019-12-20 10:10:00,0.9784590973145861,1,1
2019-12-20 10:15:00,0.9739608619653105,1,1
2019-12-20 10:20:00,0.9914779027808323,1,1
2019-12-20 10:25:00,0.997387379720394,1,1
2019-12-20 10:30:00,0.9975998559054082,1,1
2019-12-20 10:35:00,0.9974622677690842,1,1
2019-12-20 10:40:00,0.990507155119813,1,1
2019-12-20 10:45:00,0.9932308344559081,1,1
2019-12-20 10:50:00,0.9948407048953689,1,1
2019-12-20 10:55:00,0.9875894782112831,1,1
2019-12-20 11:00:00,0.9822351211835907,1,1
2019-12-20 11:05:00,0.9960936252010352,1,1
2019-12-20 11:10:00,0.9934495078078406,1,1
2019-12-20 11:15:00,0.9936157249323193,1,1
2019-12-20 11:20:00,0.9884616499454456,1,1
2019-12-20 11:25:00,0.9865926199153842,1,1
2019-12-20 11:30:00,0.9777971245633245,1,1
2019-12-20 11:35:00,0.9849433771321706,1,1
2019-12-20 11:40:00,0.9784503772679981,1,1
2019-12-20 11:45:00,0.9839037727804815,1,1
2019-12-20 11:50:00,0.9882130446198674,1,1
2019-12-20 11:55:00,0.9835011515488671,1,1
2019-12-20 12:00:00,0.9797155722602502,1,1
2019-12-20 12:05:00,0.9783734529210921,1,1
2019-12-20 12:10:00,0.9801899434493546,1,1
2019-12-20 12:15:00,0.9804344747854085,1,1
2019-12-20 12:20:00,0.9793486204329463,1,1
2019-12-20 12:25:00,0.9781464384755096,1,1
2019-12-20 12:30:00,0.9812740083890271,1,1
2019-12-20 12:35:00,0.9779045893048018,1,1
2019-12-20 12:40:00,0.9776849516875048,1,1
2019-12-20 12:45:00,0.9790668200593231,1,1
2019-12-20 12:50:00,0.977817614257462,1,1
2019-12-20 12:55:00,0.9788835119838588,1,1
2019-12-20 13:00:00,0.9954030971912443,1,1
2019-12-20 13:05:00,0.9975407237760627,1,1
2019-12-20 13:10:00,0.997717480605361,1,1
2019-12-20 13:15:00,0.9873552788655612,1,1
2019-12-20 13:20:00,0.9804230627550573,1,1
2019-12-20 13:25:00,0.9945620925403562,1,1
2019-12-20 13:30:00,0.9905217312301496,1,1
2019-12-20 13:35:00,0.9907733151292069,1,1
2019-12-20 13:40:00,0.997599175201779,1,1
2019-12-20 13:45:00,0.9958489874515867,1,1
2019-12-20 13:50:00,0.978368588645619,1,1
2019-12-20 13:55:00,0.9804331350291018,1,1
2019-12-20 14:00:00,0.980058685082214,1,1
2019-12-20 14:05:00,0.9789645427294068,1,1
2019-12-20 14:10:00,0.977244448424428,1,1
2019-12-20 14:15:00,0.9803370544801452,1,1
2019-12-20 14:20:00,0.979704494994541,1,1
2019-12-20 14:25:00,0.978182285381125,1,1
2019-12-20 14:30:00,0.9787715779656582,1,1
2019-12-20 14:35:00,0.9782445032901584,1,1
2019-12-20 14:40:00,0.9804237528357874,1,1
2019-12-20 14:45:00,0.9786822669203856,1,1
2019-12-20 14:50:00,0.9937693486927457,1,1
2019-12-20 14:55:00,0.9975032195385349,1,1
2019-12-20 15:00:00,0.9908181254280977,1,1
2019-12-20 15:05:00,0.983120164252108,1,1
2019-12-20 15:10:00,0.9899208962753988,1,1
2019-12-20 15:15:00,0.9838341145559542,1,1
2019-12-20 15:20:00,0.991984040100359,1,1
2019-12-20 15:25:00,0.9899068938279646,1,1
2019-12-20 15:30:00,0.9941943856886327,1,1
2019-12-20 15:35:00,0.9938645762294318,1,1
2019-12-20 15:40:00,0.9949201677973688,1,1
2019-12-20 15:45:00,0.9907277147798051,1,1
2019-12-20 15:50:00,0.9924281200538791,1,1
2019-12-20 15:55:00,0.9908945999757124,1,1
2019-12-20 16:00:00,0.9776224204535559,1,1
2019-12-20 16:05:00,0.9766966516462315,1,1
2019-12-20 16:10:00,0.9793061932482215,1,1
2019-12-20 16:15:00,0.9776001271751172,1,1
2019-12-20 16:20:00,0.9786870443554223,1,1
2019-12-20 16:25:00,0.9793036741342319,1,1
2019-12-20 16:30:00,0.9797308150168779,1,1
2019-12-20 16:35:00,0.9781589305831253,1,1
2019-12-20 16:40:00,0.9799749831328942,1,1
2019-12-20 16:45:00,0.9772731506718504,1,1
2019-12-20 16:50:00,0.9801199123685201,1,1
2019-12-20 16:55:00,0.976827275564552,1,1
2019-12-20 17:00:00,0.9776468831735067,1,1
2019-12-20 17:05:00,0.9777346441704926,1,1
2019-12-20 17:10:00,0.9772800628223678,1,1
2019-12-20 17:15:00,0.977873631694952,1,1
2019-12-20 17:20:00,0.9786205392874031,1,1
2019-12-20 17:25:00,0.9783540957932151,1,1
2019-12-20 17:30:00,0.9790306883479621,1,1
2019-12-20 17:35:00,0.9794741228592476,1,1
2019-12-20 17:40:00,0.9779754065333655,1,1
2019-12-20 17:45:00,0.9777003480621702,1,1
2019-12-20 17:50:00,0.981488135623799,1,1
2019-12-20 17:55:00,0.9782149615279241,1,1
2019-12-20 18:00:00,0.9786257635583538,1,1
2019-12-20 18:05:00,0.9784435386608242,1,1
2019-12-20 18:10:00,0.9782880107589169,1,1
2019-12-20 18:15:00,0.9778667699914786,1,1
2019-12-20 18:20:00,0.9774758141574853,1,1
2019-12-20 18:25:00,0.987098366321184,1,1
2019-12-20 18:30:00,0.9781019848544997,1,1
2019-12-20 18:35:00,0.9784471025304442,1,1
2019-12-20 18:40:00,0.9791756580496982,1,1
2019-12-20 18:45:00,0.9815237332107802,1,1
2019-12-20 18:50:00,0.9794572812869048,1,1
2019-12-20 18:55:00,0.9778476165527558,1,1
2019-12-20 19:00:00,0.9801237818494092,1,1
2019-12-20 19:05:00,0.978029461292612,1,1
2019-12-20 19:10:00,0.9782950571135522,1,1
2019-12-20 19:15:00,0.9789320607364835,1,1
2019-12-20 19:20:00,0.9854736173999666,1,1
2019-12-20 19:25:00,0.9918406021584999,1,1
2019-12-20 19:30:00,0.9839088658190304,1,1
2019-12-20 19:35:00,0.9827681197118711,1,1
2019-12-20 19:40:00,0.9902614569932442,1,1
2019-12-20 19:45:00,0.9879393469732878,1,1
2019-12-20 19:50:00,0.988428018334245,1,1
2019-12-20 19:55:00,0.9883685005026055,1,1
2019-12-20 20:00:00,0.9951025865042815,1,1
2019-12-20 20:05:00,0.9945813151093106,1,1
2019-12-20 20:10:00,0.9945238506312241,1,1
2019-12-20 20:15:00,0.9911119940375956,1,1
2019-12-20 20:20:00,0.9855424522087729,1,1
2019-12-20 20:25:00,0.9975111686183236,1,1
2019-12-20 20:30:00,0.9964384624086762,1,1
2019-12-20 20:35:00,0.9931570426780746,1,1
2019-12-20 20:40:00,0.9888564265277187,1,1
2019-12-20 20:45:00,0.9965330277706484,1,1
2019-12-20 20:50:00,0.9840724577382857,1,1
2019-12-20 20:55:00,0.9883032678822969,1,1
2019-12-20 21:00:00,0.9648926135251852,1,1
2019-12-20 21:05:00,0.9917145858816737,1,1
2019-12-20 21:10:00,0.9980929207913912,1,1
2019-12-20 21:15:00,0.9884675068930467,1,1
2019-12-20 21:20:00,0.9938486755575077,1,1
2019-12-20 21:25:00,0.9944197374719419,1,1
2019-12-20 21:30:00,0.9959243364968735,1,1
2019-12-20 21:35:00,0.9953890749285597,1,1
2019-12-20 21:40:00,0.9977181556753636,1,1
2019-12-20 21:45:00,0.9816470789221053,1,1
2019-12-20 21:50:00,0.9745932936472053,1,1
2019-12-20 21:55:00,0.9753500987713924,1,1
2019-12-20 22:00:00,0.978026051559184,1,1
2019-12-20 22:05:00,0.977890009689717,1,1
2019-12-20 22:10:00,0.9905054117997703,1,1
2019-12-20 22:15:00,0.9874233678969896,1,1
2019-12-20 22:20:00,0.9871358003097476,1,1
2019-12-20 22:25:00,0.9909124548002698,1,1
2019-12-20 22:30:00,0.9916212318340049,1,1
2019-12-20 22:35:00,0.9817212676127949,1,1
2019-12-20 22:40:00,0.97616952406203,1,1
2019-12-20 22:45:00,0.9695869449195061,1,1
2019-12-20 22:50:00,0.9783075255982202,1,1
2019-12-20 22:55:00,0.9828500302326235,1,1
2019-12-20 23:00:00,0.9851261276910114,1,1
2019-12-20 23:05:00,0.9815073756463354,1,1
2019-12-20 23:10:00,0.9911918734664411,1,1
2019-12-20 23:15:00,0.9884782782948257,1,1
2019-12-20 23:20:00,0.977709591430476,1,1
2019-12-20 23:25:00,0.9731671417862545,1,1
2019-12-20 23:30:00,0.9879613944960101,1,1
2019-12-20 23:35:00,0.9778885160129462,1,1
2019-12-20 23:40:00,0.9792128180382652,1,1
2019-12-20 23:45:00,0.9718303803546043,1,1
2019-12-20 23:50:00,0.9876287125711308,1,1
2019-12-20 23:55:00,0.990229678213491,1,1
2019-12-21 00:00:00,0.9690098822972645,1,1
2019-12-21 00:05:00,0.9601861064087887,1,1
2019-12-21 00:10:00,0.9856409717380933,1,1
2019-12-21 00:15:00,0.9909095293672483,1,1
2019-12-21 00:20:00,0.9866443999317398,1,1
2019-12-21 00:25:00,0.9225711430645102,1,1
2019-12-21 00:30:00,0.9787761619038451,1,1
2019-12-21 00:35:00,0.9897306017945754,1,1
2019-12-21 00:40:00,0.986120488667708,1,1
2019-12-21 00:45:00,0.9824957163053181,1,1
2019-12-21 00:50:00,0.9829333674658324,1,1
2019-12-21 00:55:00,0.987906748778429,1,1
2019-12-21 01:00:00,0.9850282477444401,1,1
2019-12-21 01:05:00,0.9751105099697313,1,1
2019-12-21 01:10:00,0.9865220057616092,1,1
2019-12-21 01:15:00,0.9908294604230592,1,1
2019-12-21 01:20:00,0.9875410889954538,1,1
2019-12-21 01:25:00,0.9751234300730006,1,1
2019-12-21 01:30:00,0.9860825708725103,1,1
2019-12-21 01:35:00,0.981695704477992,1,1
2019-12-21 01:40:00,0.9757508677121365,1,1
2019-12-21 01:45:00,0.9900833623671619,1,1
2019-12-21 01:50:00,0.9799205696207162,1,1
2019-12-21 01:55:00,0.9710685042462354,1,1
2019-12-21 02:00:00,0.9858500607318993,1,1
2019-12-21 02:05:00,0.9861389177122253,1,1
2019-12-21 02:10:00,0.9858378515085151,1,1
2019-12-21 02:15:00,0.9831846202881932,1,1
2019-12-21 02:20:00,0.9773042177699974,1,1
2019-12-21 02:25:00,0.9883771018010007,1,1
2019-12-21 02:30:00,0.9844775001725952,1,1
2019-12-21 02:35:00,0.9863976035022562,1,1
2019-12-21 02:40:00,0.9806514088944219,1,1
2019-12-21 02:45:00,0.9906144070851564,1,1
2019-12-21 02:50:00,0.9853693959508852,1,1
2019-12-21 02:55:00,0.9876007031452476,1,1
2019-12-21 03:00:00,0.9898628359688477,1,1
2019-12-21 03:05:00,0.9896006056923328,1,1
2019-12-21 03:10:00,0.9906744414243648,1,1
2019-12-21 03:15:00,0.983073294183026,1,1
2019-12-21 03:20:00,0.9813306877598613,1,1
2019-12-21 03:25:00,0.9900955524838063,1,1
2019-12-21 03:30:00,0.9894852738143276,1,1
2019-12-21 03:35:00,0.9776401088175137,1,1
2019-12-21 03:40:00,0.9889000379992584,1,1
2019-12-21 03:45:00,0.9888631861922017,1,1
2019-12-21 03:50:00,0.9903779183559389,1,1
2019-12-21 03:55:00,0.9829392733734652,1,1
2019-12-21 04:00:00,0.9838785237642735,1,1
2019-12-21 04:05:00,0.977503414968881,1,1
2019-12-21 04:10:00,0.9871774079772997,1,1
2019-12-21 04:15:00,0.9827179009782891,1,1
2019-12-21 04:20:00,0.9879024961383749,1,1
2019-12-21 04:25:00,0.9831378316558371,1,1
2019-12-21 04:30:00,0.9780594005595876,1,1
2019-12-21 04:35:00,0.979437500888787,1,1
2019-12-21 04:40:00,0.9881606670115797,1,1
2019-12-21 04:45:00,0.9830849499245675,1,1
2019-12-21 04:50:00,0.9715527507741243,1,1
2019-12-21 04:55:00,0.9811973803373064,1,1
2019-12-21 05:00:00,0.9756567798697886,1,1
2019-12-21 05:05:00,0.9837474565367375,1,1
2019-12-21 05:10:00,0.9889427566892162,1,1
2019-12-21 05:15:00,0.9890804850106788,1,1
2019-12-21 05:20:00,0.982964816215745,1,1
2019-12-21 05:25:00,0.9882432761870672,1,1
2019-12-21 05:30:00,0.9891086363926239,1,1
2019-12-21 05:35:00,0.9743007759011262,1,1
2019-12-21 05:40:00,0.9824607822850784,1,1
2019-12-21 05:45:00,0.9844527909114565,1,1
2019-12-21 05:50:00,0.9805952068527448,1,1
2019-12-21 05:55:00,0.977600483521273,1,1
2019-12-21 06:00:00,0.9887721114390905,1,1
2019-12-21 06:05:00,0.9774407032834586,1,1
2019-12-21 06:10:00,0.9817805709382901,1,1
2019-12-21 06:15:00,0.9902318981111693,1,1
2019-12-21 06:20:00,0.98627519424706,1,1
2019-12-21 06:25:00,0.9782986061738024,1,1
2019-12-21 06:30:00,0.9874403863304373,1,1
2019-12-21 06:35:00,0.9890651698062571,1,1
2019-12-21 06:40:00,0.9718494716409298,1,1
2019-12-21 06:45:00,0.9782143392459299,1,1
2019-12-21 06:50:00,0.9892701195333713,1,1
2019-12-21 06:55:00,0.9816884955739114,1,1
2019-12-21 07:00:00,0.9856855998291323,1,1
2019-12-21 07:05:00,0.9874753452995962,1,1
2019-12-21 07:10:00,0.9894744432930109,1,1
2019-12-21 07:15:00,0.9876673925896479,1,1
2019-12-21 07:20:00,0.9845781988670498,1,1
2019-12-21 07:25:00,0.9901154220763504,1,1
2019-12-21 07:30:00,0.9898212530418792,1,1
2019-12-21 07:35:00,0.9839210855745648,1,1
2019-12-21 07:40:00,0.9826244032768473,1,1
2019-12-21 07:45:00,0.982850976867439,1,1
2019-12-21 07:50:00,0.9902202070399182,1,1
2019-12-21 07:55:00,0.9861970382950538,1,1
2019-12-21 08:00:00,0.979211600241807,1,1
2019-12-21 08:05:00,0.9895053777969923,1,1
2019-12-21 08:10:00,0.9740037407165898,1,1
2019-12-21 08:15:00,0.9857800873303855,1,1
2019-12-21 08:20:00,0.9804484219679863,1,1
2019-12-21 08:25:00,0.9881116166100348,1,1
2019-12-21 08:30:00,0.9900769001462851,1,1
2019-12-21 08:35:00,0.9787089744952099,1,1
2019-12-21 08:40:00,0.9871030228629408,1,1
2019-12-21 08:45:00,0.9801900124328949,1,1
2019-12-21 08:50:00,0.9860016171054424,1,1
2019-12-21 08:55:00,0.9901521656502287,1,1
2019-12-21 09:00:00,0.9834563650134807,1,1
2019-12-21 09:05:00,0.9891727505032138,1,1
2019-12-21 09:10:00,0.984864831044162,1,1
2019-12-21 09:15:00,0.9833534596892244,1,1
2019-12-21 09:20:00,0.9556204139931906,1,1
2019-12-21 09:25:00,0.9787160389834039,1,1
2019-12-21 09:30:00,0.9790599354730866,1,1
2019-12-21 09:35:00,0.9771971920976736,1,1
2019-12-21 09:40:00,0.9781701139242567,1,1
2019-12-21 09:45:00,0.9793792048526392,1,1
2019-12-21 09:50:00,0.9784819061034917,1,1
2019-12-21 09:55:00,0.9786287593061077,1,1
2019-12-21 10:00:00,0.9792190556862016,1,1
2019-12-21 10:05:00,0.9781984835505796,1,1
2019-12-21 10:10:00,0.9798867080910558,1,1
2019-12-21 10:15:00,0.97947011695698,1,1
2019-12-21 10:20:00,0.9789233301423433,1,1
2019-12-21 10:25:00,0.9774142514197192,1,1
2019-12-21 10:30:00,0.9810689320712581,1,1
2019-12-21 10:35:00,0.9791200410788357,1,1
2019-12-21 10:40:00,0.9798382565032979,1,1
2019-12-21 10:45:00,0.9846318450759779,1,1
2019-12-21 10:50:00,0.9798901147528262,1,1
2019-12-21 10:55:00,0.9768685580817293,1,1
2019-12-21 11:00:00,0.9799727352230478,1,1
2019-12-21 11:05:00,0.9923908060842147,1,1
2019-12-21 11:10:00,0.9777606400622795,1,1
2019-12-21 11:15:00,0.9785575354130861,1,1
2019-12-21 11:20:00,0.9813653713404148,1,1
2019-12-21 11:25:00,0.9850481795550211,1,1
2019-12-21 11:30:00,0.980819358043011,1,1
2019-12-21 11:35:00,0.9826313718740647,1,1
2019-12-21 11:40:00,0.9811374209336186,1,1
2019-12-21 11:45:00,0.9827165030687683,1,1
2019-12-21 11:50:00,0.9831051877990724,1,1
2019-12-21 11:55:00,0.9960372814155966,1,1
2019-12-21 12:00:00,0.9884347523003321,1,1
2019-12-21 12:05:00,0.9802516632313509,1,1
2019-12-21 12:10:00,0.9814049194461649,1,1
2019-12-21 12:15:00,0.9791043619830146,1,1
2019-12-21 12:20:00,0.9776143577839272,1,1
2019-12-21 12:25:00,0.9783020743232786,1,1
2019-12-21 12:30:00,0.9783149790126029,1,1
2019-12-21 12:35:00,0.9881466442201928,1,1
2019-12-21 12:40:00,0.980506852968976,1,1
2019-12-21 12:45:00,0.9974127342109508,1,1
2019-12-21 12:50:00,0.9967239449557618,1,1
2019-12-21 12:55:00,0.9967059961190781,1,1
2019-12-21 13:00:00,0.9911354714674719,1,1
2019-12-21 13:05:00,0.9844885390435716,1,1
2019-12-21 13:10:00,0.9916979598892945,1,1
2019-12-21 13:15:00,0.9843833866358739,1,1
2019-12-21 13:20:00,0.9928551238887284,1,1
2019-12-21 13:25:00,0.9924691428325781,1,1
2019-12-21 13:30:00,0.9889707376079738,1,1
2019-12-21 13:35:00,0.9853410353847996,1,1
2019-12-21 13:40:00,0.9796865620060398,1,1
2019-12-21 13:45:00,0.9788290837998938,1,1
2019-12-21 13:50:00,0.9802417261018771,1,1
2019-12-21 13:55:00,0.9801764986706814,1,1
2019-12-21 14:00:00,0.9796444842260965,1,1
2019-12-21 14:05:00,0.9794017143883126,1,1
2019-12-21 14:10:00,0.9786038507641844,1,1
2019-12-21 14:15:00,0.9781964818053607,1,1
2019-12-21 14:20:00,0.9793696258732586,1,1
2019-12-21 14:25:00,0.9783332151015544,1,1
2019-12-21 14:30:00,0.9789674563299,1,1
2019-12-21 14:35:00,0.9788561830098144,1,1
2019-12-21 14:40:00,0.978127287494347,1,1
2019-12-21 14:45:00,0.9927051879468003,1,1
2019-12-21 14:50:00,0.9990784929634696,1,1
2019-12-21 14:55:00,0.9989919583618522,1,1
2019-12-21 15:00:00,0.9943960655956817,1,1
2019-12-21 15:05:00,0.9867962483538967,1,1
2019-12-21 15:10:00,0.9915847212360562,1,1
2019-12-21 15:15:00,0.9967027575731323,1,1
2019-12-21 15:20:00,0.9949435188147497,1,1
2019-12-21 15:25:00,0.9935558879501015,1,1
2019-12-21 15:30:00,0.991973131672914,1,1
2019-12-21 15:35:00,0.9960626743777603,1,1
2019-12-21 15:40:00,0.9944872863009093,1,1
2019-12-21 15:45:00,0.9977010292672811,1,1
2019-12-21 15:50:00,0.9976046979738242,1,1
2019-12-21 15:55:00,0.9978503761816598,1,1
2019-12-21 16:00:00,0.9978287492708122,1,1
2019-12-21 16:05:00,0.9978488327393132,1,1
2019-12-21 16:10:00,0.9980169793282664,1,1
2019-12-21 16:15:00,0.9980103557309548,1,1
2019-12-21 16:20:00,0.9981018875294371,1,1
2019-12-21 16:25:00,0.9980682074444068,1,1
2019-12-21 16:30:00,0.9981021885695904,1,1
2019-12-21 16:35:00,0.9981458194482529,1,1
2019-12-21 16:40:00,0.9977912666879342,1,1
2019-12-21 16:45:00,0.9977476445736838,1,1
2019-12-21 16:50:00,0.9979975706459498,1,1
2019-12-21 16:55:00,0.9979968065922379,1,1
2019-12-21 17:00:00,0.9980198953247699,1,1
2019-12-21 17:05:00,0.9980929770824647,1,1
2019-12-21 17:10:00,0.9980929770824647,1,1
2019-12-21 17:15:00,0.9980929770824647,1,1
2019-12-21 17:20:00,0.9889519861163102,1,1
2019-12-21 17:25:00,0.9797264165235758,1,1
2019-12-21 17:30:00,0.9779371172138945,1,1
2019-12-21 17:35:00,0.9780939613111226,1,1
2019-12-21 17:40:00,0.9775175660392308,1,1
2019-12-21 17:45:00,0.978177453394778,1,1
2019-12-21 17:50:00,0.9784488642114183,1,1
2019-12-21 17:55:00,0.9784889504016869,1,1
2019-12-21 18:00:00,0.9802633615798502,1,1
2019-12-21 18:05:00,0.9772321035372911,1,1
2019-12-21 18:10:00,0.9794986760987668,1,1
2019-12-21 18:15:00,0.9786962184131703,1,1
2019-12-21 18:20:00,0.9783654546437536,1,1
2019-12-21 18:25:00,0.979632271385453,1,1
2019-12-21 18:30:00,0.9784490053058079,1,1
2019-12-21 18:35:00,0.9805065280294833,1,1
2019-12-21 18:40:00,0.9776672191851578,1,1
2019-12-21 18:45:00,0.9777613545465632,1,1
2019-12-21 18:50:00,0.9879658835279779,1,1
2019-12-21 18:55:00,0.9797902009235899,1,0
2019-12-21 19:00:00,0.9807370801477354,1,0
2019-12-21 19:05:00,0.9782442870407551,1,0
2019-12-21 19:10:00,0.98067539202263,1,0
2019-12-21 19:15:00,0.9802408406700936,1,0
2019-12-21 19:20:00,0.9800111604329969,1,0
2019-12-21 19:25:00,0.9792756248465229,1,0
2019-12-21 19:30:00,0.9791362407284279,1,0
2019-12-21 19:35:00,0.9790802365972623,1,0
2019-12-21 19:40:00,0.9880405015545863,1,0
2019-12-21 19:45:00,0.9972921521672851,1,1
2019-12-21 19:50:00,0.9979733480516088,1,1
2019-12-21 19:55:00,0.997580948843558,1,1
2019-12-21 20:00:00,0.9969515298029318,1,1
2019-12-21 20:05:00,0.9975445685698087,1,1
2019-12-21 20:10:00,0.9937875027646976,1,1
2019-12-21 20:15:00,0.9913344856579277,1,1
2019-12-21 20:20:00,0.9853180797767983,1,1
2019-12-21 20:25:00,0.9936960072002535,1,1
2019-12-21 20:30:00,0.9950900423305938,1,1
2019-12-21 20:35:00,0.9978796708299345,1,1
2019-12-21 20:40:00,0.9819159023425061,1,1
2019-12-21 20:45:00,0.9948146896811723,1,1
2019-12-21 20:50:00,0.9923205798104495,1,1
2019-12-21 20:55:00,0.9918725399262981,1,1
2019-12-21 21:00:00,0.9948798668541073,1,1
2019-12-21 21:05:00,0.9968644738502672,1,1
2019-12-21 21:10:00,0.9951341991215044,1,1
2019-12-21 21:15:00,0.995858233120089,1,1
2019-12-21 21:20:00,0.9978032416221578,1,1
2019-12-21 21:25:00,0.9981138696545085,1,1
2019-12-21 21:30:00,0.9977784290660818,1,1
2019-12-21 21:35:00,0.9980929770824647,1,1
2019-12-21 21:40:00,0.9976453943262311,1,1
2019-12-21 21:45:00,0.9980929770824647,1,1
2019-12-21 21:50:00,0.9980929770824647,1,1
2019-12-21 21:55:00,0.9980929770824647,1,1
2019-12-21 22:00:00,0.9980929770824647,1,1
2019-12-21 22:05:00,0.9980929770824647,1,1
2019-12-21 22:10:00,0.9980929770824647,1,1
2019-12-21 22:15:00,0.9980929770824647,1,1
2019-12-21 22:20:00,0.9980134552272685,1,1
2019-12-21 22:25:00,0.9979222075167755,1,1
2019-12-21 22:30:00,0.9980929770824647,1,1
2019-12-21 22:35:00,0.9980929770824647,1,1
2019-12-21 22:40:00,0.9980929770824647,1,1
2019-12-21 22:45:00,0.9980929770824647,1,1
2019-12-21 22:50:00,0.9980929770824647,1,1
2019-12-21 22:55:00,0.9949389816060297,1,1
2019-12-21 23:00:00,0.9792600756707199,1,1
2019-12-21 23:05:00,0.9780866898528842,1,1
2019-12-21 23:10:00,0.9809742925870818,1,1
2019-12-21 23:15:00,0.9818180857766627,1,1
2019-12-21 23:20:00,0.9799655355029026,1,1
2019-12-21 23:25:00,0.9803431655788477,1,1
2019-12-21 23:30:00,0.9822663777360449,1,1
2019-12-21 23:35:00,0.9831020094012737,1,1
2019-12-21 23:40:00,0.9822023613522508,1,1
2019-12-21 23:45:00,0.9806749571477609,1,1
2019-12-21 23:50:00,0.9800899762139502,1,1
2019-12-21 23:55:00,0.9822153390942518,1,1
2019-12-22 00:00:00,0.9817271855090112,1,1
2019-12-22 00:05:00,0.9795576756018126,1,1
2019-12-22 00:10:00,0.9783640831467568,1,1
2019-12-22 00:15:00,0.9783929673446434,1,1
2019-12-22 00:20:00,0.9789611047427971,1,1
2019-12-22 00:25:00,0.9781581092235919,1,1
2019-12-22 00:30:00,0.9776822270727581,1,1
2019-12-22 00:35:00,0.9785092431150483,1,1
2019-12-22 00:40:00,0.984604251170218,1,1
2019-12-22 00:45:00,0.9902158481948055,1,1
2019-12-22 00:50:00,0.9915491987282338,1,1
2019-12-22 00:55:00,0.9884114988197235,1,1
2019-12-22 01:00:00,0.9903621399300413,1,1
2019-12-22 01:05:00,0.9909977973176982,1,1
2019-12-22 01:10:00,0.9902257068939416,1,1
2019-12-22 01:15:00,0.9729121146350933,1,1
2019-12-22 01:20:00,0.9896278534738467,1,1
2019-12-22 01:25:00,0.9902897204118055,1,1
2019-12-22 01:30:00,0.9900823264017274,1,1
2019-12-22 01:35:00,0.9722984263716092,1,1
2019-12-22 01:40:00,0.9901229678152812,1,1
2019-12-22 01:45:00,0.990976845380195,1,1
2019-12-22 01:50:00,0.9844371370402268,1,1
2019-12-22 01:55:00,0.9542745423360236,1,1
2019-12-22 02:00:00,0.9717400082698429,1,1
2019-12-22 02:05:00,0.9801129437352039,1,1
2019-12-22 02:10:00,0.98956772672338,1,1
2019-12-22 02:15:00,0.9825542845871919,1,1
2019-12-22 02:20:00,0.9896311633400855,1,1
2019-12-22 02:25:00,0.9901999278322032,1,1
2019-12-22 02:30:00,0.9900137753080596,1,1
2019-12-22 02:35:00,0.9871358727102055,1,1
2019-12-22 02:40:00,0.9798235606490155,1,1
2019-12-22 02:45:00,0.9905000426714433,1,1
2019-12-22 02:50:00,0.9627322056509001,1,1
2019-12-22 02:55:00,0.9801772957136553,1,1
2019-12-22 03:00:00,0.9899503019945187,1,1
2019-12-22 03:05:00,0.9897465265463028,1,1
2019-12-22 03:10:00,0.9809970156163751,1,1
2019-12-22 03:15:00,0.98805586550346,1,1
2019-12-22 03:20:00,0.9738651630532674,1,1
2019-12-22 03:25:00,0.9855270630262325,1,1
2019-12-22 03:30:00,0.9839390672491231,1,1
2019-12-22 03:35:00,0.9902995609215551,1,1
2019-12-22 03:40:00,0.9872055313031128,1,1
2019-12-22 03:45:00,0.9905560643040268,1,1
2019-12-22 03:50:00,0.9868753280852279,1,1
2019-12-22 03:55:00,0.9907480526289932,1,1
2019-12-22 04:00:00,0.9847682057118764,1,1
2019-12-22 04:05:00,0.9879080232073923,1,1
2019-12-22 04:10:00,0.991153785319088,1,1
2019-12-22 04:15:00,0.990470091513226,1,1
2019-12-22 04:20:00,0.9849398955964475,1,1
2019-12-22 04:25:00,0.9819070930994223,1,1
2019-12-22 04:30:00,0.9898725290569027,1,1
2019-12-22 04:35:00,0.9849057837426294,1,1
2019-12-22 04:40:00,0.9791280403965773,1,1
2019-12-22 04:45:00,0.990936138174446,1,1
2019-12-22 04:50:00,0.9900706663562397,1,1
2019-12-22 04:55:00,0.9864174783659084,1,1
2019-12-22 05:00:00,0.9891332538543105,1,1
2019-12-22 05:05:00,0.9905219959453393,1,1
2019-12-22 05:10:00,0.9899927475225305,1,1
2019-12-22 05:15:00,0.9771921857541879,1,1
2019-12-22 05:20:00,0.989564623592688,1,1
2019-12-22 05:25:00,0.9873859809887597,1,1
2019-12-22 05:30:00,0.966315239992167,1,1
2019-12-22 05:35:00,0.9758826449042596,1,1
2019-12-22 05:40:00,0.9894668093564848,1,1
2019-12-22 05:45:00,0.9848091078673143,1,1
2019-12-22 05:50:00,0.9845327022727078,1,1
2019-12-22 05:55:00,0.9880605779271113,1,1
2019-12-22 06:00:00,0.9906485276558935,1,1
2019-12-22 06:05:00,0.9873726413296328,1,1
2019-12-22 06:10:00,0.9774520887068798,1,1
2019-12-22 06:15:00,0.9874033122229793,1,1
2019-12-22 06:20:00,0.9891087913208566,1,1
2019-12-22 06:25:00,0.9880943053874125,1,1
2019-12-22 06:30:00,0.9895392250072715,1,1
2019-12-22 06:35:00,0.9896246681324588,1,1
2019-12-22 06:40:00,0.9842456454745231,1,1
2019-12-22 06:45:00,0.982425297558854,1,1
2019-12-22 06:50:00,0.9860315979525354,1,1
2019-12-22 06:55:00,0.9865368913759653,1,1
2019-12-22 07:00:00,0.9871328767734722,1,1
2019-12-22 07:05:00,0.9905596471982772,1,1
2019-12-22 07:10:00,0.9880774153827219,1,1
2019-12-22 07:15:00,0.985688222792032,1,1
2019-12-22 07:20:00,0.9584136725049104,1,1
2019-12-22 07:25:00,0.9660080318812356,1,1
2019-12-22 07:30:00,0.9723333891045893,1,1
2019-12-22 07:35:00,0.981813231449951,1,1
2019-12-22 07:40:00,0.9360533198357727,1,1
2019-12-22 07:45:00,0.9785982191092699,1,1
2019-12-22 07:50:00,0.982619185591667,1,1
2019-12-22 07:55:00,0.9880636559931208,1,1
2019-12-22 08:00:00,0.9898923948156271,1,1
2019-12-22 08:05:00,0.9683044124031361,1,1
2019-12-22 08:10:00,0.9856898432253159,1,1
2019-12-22 08:15:00,0.9902759939701444,1,1
2019-12-22 08:20:00,0.9857094862045033,1,1
2019-12-22 08:25:00,0.9862206376650129,1,1
2019-12-22 08:30:00,0.9906980581478166,1,1
2019-12-22 08:35:00,0.9893517148883239,1,1
2019-12-22 08:40:00,0.9894639989852703,1,1
2019-12-22 08:45:00,0.9900383272284597,1,1
2019-12-22 08:50:00,0.9900446216851264,1,1
2019-12-22 08:55:00,0.9860674050869415,1,1
2019-12-22 09:00:00,0.990396913939024,1,1
2019-12-22 09:05:00,0.989228232040617,1,1
2019-12-22 09:10:00,0.97483315817307,1,1
2019-12-22 09:15:00,0.9737223065897859,1,1
2019-12-22 09:20:00,0.9802226546375761,1,1
2019-12-22 09:25:00,0.9786734412904531,1,1
2019-12-22 09:30:00,0.978119456218584,1,1
2019-12-22 09:35:00,0.9784552607622665,1,1
2019-12-22 09:40:00,0.9800672690425206,1,1
2019-12-22 09:45:00,0.9779307940234807,1,1
2019-12-22 09:50:00,0.9774362348355317,1,1
2019-12-22 09:55:00,0.9790216449159164,1,1
2019-12-22 10:00:00,0.9775268359795125,1,1
2019-12-22 10:05:00,0.9917464227843019,1,1
2019-12-22 10:10:00,0.9971987908132341,1,1
2019-12-22 10:15:00,0.9930990091956922,1,1
2019-12-22 10:20:00,0.9952705666939033,1,1
2019-12-22 10:25:00,0.9928099009230337,1,1
2019-12-22 10:30:00,0.9968633234705813,1,1
2019-12-22 10:35:00,0.9981432810239627,1,1
2019-12-22 10:40:00,0.9978876941867479,1,1
2019-12-22 10:45:00,0.9980157937277487,1,1
2019-12-22 10:50:00,0.9842152240066183,1,1
2019-12-22 10:55:00,0.9952909778147169,1,1
2019-12-22 11:00:00,0.980835886413889,1,1
2019-12-22 11:05:00,0.9837047481282917,1,1
2019-12-22 11:10:00,0.9885785694221615,1,1
2019-12-22 11:15:00,0.9784946459263718,1,1
2019-12-22 11:20:00,0.977781734806396,1,1
2019-12-22 11:25:00,0.9849262224330891,1,1
2019-12-22 11:30:00,0.9931204955015195,1,1
2019-12-22 11:35:00,0.9913866895613074,1,1
2019-12-22 11:40:00,0.9915628406578076,1,1
2019-12-22 11:45:00,0.9867883814261621,1,1
2019-12-22 11:50:00,0.9615466200158844,1,1
2019-12-22 11:55:00,0.9674503315419231,1,1
2019-12-22 12:00:00,0.9797197828506029,1,1
2019-12-22 12:05:00,0.9767387171338723,1,1
2019-12-22 12:10:00,0.9754029388290363,1,1
2019-12-22 12:15:00,0.9866060080231435,1,1
2019-12-22 12:20:00,0.9852792511504155,1,1
2019-12-22 12:25:00,0.9863504883176536,1,1
2019-12-22 12:30:00,0.9938505971084831,1,1
2019-12-22 12:35:00,0.9972541453402137,1,1
2019-12-22 12:40:00,0.9934334370914477,1,1
2019-12-22 12:45:00,0.9884478468682281,1,1
2019-12-22 12:50:00,0.9983293853350101,1,1
2019-12-22 12:55:00,0.996264169319741,1,1
2019-12-22 13:00:00,0.9988423373170342,1,1
2019-12-22 13:05:00,0.9911851246406956,1,1
2019-12-22 13:10:00,0.9817412865168635,1,1
2019-12-22 13:15:00,0.9979466918277645,1,1
2019-12-22 13:20:00,0.9889556662296005,1,1
2019-12-22 13:25:00,0.9911997780233667,1,1
2019-12-22 13:30:00,0.99772357847288,1,1
2019-12-22 13:35:00,0.9859658041413206,1,1
2019-12-22 13:40:00,0.9848669056119063,1,1
2019-12-22 13:45:00,0.9886780003576372,1,1
2019-12-22 13:50:00,0.9840506630582043,1,1
2019-12-22 13:55:00,0.9878239379884775,1,1
2019-12-22 14:00:00,0.9955987111516629,1,1
2019-12-22 14:05:00,0.9837942494099667,1,1
2019-12-22 14:10:00,0.9899853931492342,1,1
2019-12-22 14:15:00,0.9827635027956548,1,1
2019-12-22 14:20:00,0.9686787874054367,1,1
2019-12-22 14:25:00,0.975205076719817,1,1
2019-12-22 14:30:00,0.9745405900694624,1,1
2019-12-22 14:35:00,0.9787913088400989,1,1
2019-12-22 14:40:00,0.988939874031483,1,1
2019-12-22 14:45:00,0.9853959487462183,1,1
2019-12-22 14:50:00,0.9892541897390267,1,1
2019-12-22 14:55:00,0.9920339273958396,1,1
2019-12-22 15:00:00,0.9903453211423168,1,1
2019-12-22 15:05:00,0.9819291548747708,1,1
2019-12-22 15:10:00,0.9719041296439597,1,1
2019-12-22 15:15:00,0.9866743288795534,1,1
2019-12-22 15:20:00,0.9949595295803572,1,1
2019-12-22 15:25:00,0.9915121359843033,1,1
2019-12-22 15:30:00,0.9666355397257808,1,1
2019-12-22 15:35:00,0.9922421870434706,1,1
2019-12-22 15:40:00,0.9964121868850006,1,1
2019-12-22 15:45:00,0.9983212820788085,1,1
2019-12-22 15:50:00,0.9976367191475687,1,1
2019-12-22 15:55:00,0.995998448514485,1,1
2019-12-22 16:00:00,0.9973931015390826,1,1
2019-12-22 16:05:00,0.9980683528031788,1,1
2019-12-22 16:10:00,0.9981342175879219,1,1
2019-12-22 16:15:00,0.9980682074444068,1,1
2019-12-22 16:20:00,0.9975938383119678,1,1
2019-12-22 16:25:00,0.9967841880186583,1,1
2019-12-22 16:30:00,0.9979385182527138,1,1
2019-12-22 16:35:00,0.9981426630838732,1,1
2019-12-22 16:40:00,0.9981473752517165,1,1
2019-12-22 16:45:00,0.9969346164699863,1,1
2019-12-22 16:50:00,0.9965114295129438,1,1
2019-12-22 16:55:00,0.997003630349941,1,1
2019-12-22 17:00:00,0.9975806909982551,1,1
2019-12-22 17:05:00,0.9973657996501981,1,1
2019-12-22 17:10:00,0.9977654138675409,1,1
2019-12-22 17:15:00,0.9971579067596575,1,1
2019-12-22 17:20:00,0.9968291015224189,1,1
2019-12-22 17:25:00,0.9970962879004399,1,1
2019-12-22 17:30:00,0.9973882313680191,1,1
2019-12-22 17:35:00,0.9978918876344441,1,1
2019-12-22 17:40:00,0.9979853875390696,1,1
2019-12-22 17:45:00,0.9970525755771039,1,1
2019-12-22 17:50:00,0.9980925274033094,1,1
2019-12-22 17:55:00,0.9981367173125355,1,1
2019-12-22 18:00:00,0.9944098697706861,1,1
2019-12-22 18:05:00,0.9964465154913269,1,1
2019-12-22 18:10:00,0.9816087092412038,1,1
2019-12-22 18:15:00,0.9905207482674465,1,1
2019-12-22 18:20:00,0.9912660105540226,1,1
2019-12-22 18:25:00,0.9947643094787747,1,1
2019-12-22 18:30:00,0.9951376615440763,1,1
2019-12-22 18:35:00,0.9900444501631495,1,1
2019-12-22 18:40:00,0.981687009528331,1,1
2019-12-22 18:45:00,0.9871126030210142,1,1
2019-12-22 18:50:00,0.9926607313477988,1,1
2019-12-22 18:55:00,0.9924127681683951,1,1
2019-12-22 19:00:00,0.9926513801727193,1,1
2019-12-22 19:05:00,0.98596421335086,1,1
2019-12-22 19:10:00,0.9900391682716115,1,1
2019-12-22 19:15:00,0.9965022563068711,1,1
2019-12-22 19:20:00,0.9981464126878459,1,1
2019-12-22 19:25:00,0.9975218419998535,1,1
2019-12-22 19:30:00,0.9934502991629385,1,1
2019-12-22 19:35:00,0.9849325012858279,1,1
2019-12-22 19:40:00,0.9924019276795176,1,1
2019-12-22 19:45:00,0.9957067295442654,1,1
2019-12-22 19:50:00,0.9939627389501037,1,1
2019-12-22 19:55:00,0.9962767302997435,1,1
2019-12-22 20:00:00,0.9932627036916605,1,1
2019-12-22 20:05:00,0.9901311712104242,1,1
2019-12-22 20:10:00,0.9925601023508872,1,1
2019-12-22 20:15:00,0.9975632116970424,1,1
2019-12-22 20:20:00,0.9879690729974707,1,1
2019-12-22 20:25:00,0.9805701708061324,1,1
2019-12-22 20:30:00,0.9788702795525588,1,1
2019-12-22 20:35:00,0.9779596845977102,1,1
2019-12-22 20:40:00,0.978168432151073,1,1
2019-12-22 20:45:00,0.9791089418391832,1,1
2019-12-22 20:50:00,0.9772625400752855,1,1
2019-12-22 20:55:00,0.9804345199232727,1,1
2019-12-22 21:00:00,0.9970212453345799,1,1
2019-12-22 21:05:00,0.9965873707299964,1,1
2019-12-22 21:10:00,0.994831455404555,1,1
2019-12-22 21:15:00,0.9841496328521042,1,1
2019-12-22 21:20:00,0.9934103689210351,1,1
2019-12-22 21:25:00,0.9801601489275947,1,1
2019-12-22 21:30:00,0.9818940113402651,1,1
2019-12-22 21:35:00,0.9838325395161642,1,1
2019-12-22 21:40:00,0.9822813387151883,1,1
2019-12-22 21:45:00,0.980938233789156,1,1
2019-12-22 21:50:00,0.97787260489261,1,1
2019-12-22 21:55:00,0.9784030233207677,1,1
2019-12-22 22:00:00,0.977654944398978,1,1
2019-12-22 22:05:00,0.9780681905689232,1,1
2019-12-22 22:10:00,0.9949668578891099,1,1
2019-12-22 22:15:00,0.984025563835771,1,1
2019-12-22 22:20:00,0.9788290211971227,1,1
2019-12-22 22:25:00,0.9788077478233026,1,1
2019-12-22 22:30:00,0.9782981453492615,1,1
2019-12-22 22:35:00,0.9794618994672081,1,1
2019-12-22 22:40:00,0.9788872668746075,1,1
2019-12-22 22:45:00,0.9804882305460503,1,1
2019-12-22 22:50:00,0.9820542888630284,1,1
2019-12-22 22:55:00,0.9789497858173822,1,1
2019-12-22 23:00:00,0.9769175038857061,1,1
2019-12-22 23:05:00,0.9780171362510154,1,1
2019-12-22 23:10:00,0.9783494230217745,1,1
2019-12-22 23:15:00,0.9779031846041374,1,1
2019-12-22 23:20:00,0.9789471061357162,1,1
2019-12-22 23:25:00,0.9816963470081298,1,1
2019-12-22 23:30:00,0.9834079120069765,1,1
2019-12-22 23:35:00,0.9830440348476029,1,1
2019-12-22 23:40:00,0.983570669742713,1,1
2019-12-22 23:45:00,0.9818147108325436,1,1
2019-12-22 23:50:00,0.9782870495244004,1,1
2019-12-22 23:55:00,0.9835458204321672,1,1
2019-12-23 00:00:00,0.9941846597585193,1,1
2019-12-23 00:05:00,0.9938625985114155,1,1
2019-12-23 00:10:00,0.9897192398388205,1,1
2019-12-23 00:15:00,0.9953893834342976,1,1
2019-12-23 00:20:00,0.9967281399029853,1,1
2019-12-23 00:25:00,0.9911380401735309,1,1
2019-12-23 00:30:00,0.9817124152999751,1,1
2019-12-23 00:35:00,0.9761889566535998,1,1
2019-12-23 00:40:00,0.973039251009037,1,1
2019-12-23 00:45:00,0.9894766456231503,1,1
2019-12-23 00:50:00,0.9893959634061867,1,1
2019-12-23 00:55:00,0.982619268048487,1,1
2019-12-23 01:00:00,0.9794953806016455,1,1
2019-12-23 01:05:00,0.9836927645402507,1,1
2019-12-23 01:10:00,0.9826546172338463,1,1
2019-12-23 01:15:00,0.9795616838740978,1,1
2019-12-23 01:20:00,0.9792816358781338,1,1
2019-12-23 01:25:00,0.9861723349664301,1,1
2019-12-23 01:30:00,0.9804082857534145,1,1
2019-12-23 01:35:00,0.9864600447852995,1,1
2019-12-23 01:40:00,0.9793670167140497,1,1
2019-12-23 01:45:00,0.9853122054264559,1,1
2019-12-23 01:50:00,0.9866977449437736,1,1
2019-12-23 01:55:00,0.9810947054108008,1,1
2019-12-23 02:00:00,0.9806826609804108,1,1
2019-12-23 02:05:00,0.9860120779921762,1,1
2019-12-23 02:10:00,0.9815331564135189,1,1
2019-12-23 02:15:00,0.9784466141212942,1,1
2019-12-23 02:20:00,0.985571858422577,1,1
2019-12-23 02:25:00,0.9898351481994657,1,1
2019-12-23 02:30:00,0.9819186148821878,1,1
2019-12-23 02:35:00,0.9822466690475044,1,1
2019-12-23 02:40:00,0.9887053245629638,1,1
2019-12-23 02:45:00,0.9873441337999758,1,1
2019-12-23 02:50:00,0.9805136246169998,1,1
2019-12-23 02:55:00,0.9923522818436268,1,1
2019-12-23 03:00:00,0.9964316614075468,1,1
2019-12-23 03:05:00,0.9976469435845211,1,1
2019-12-23 03:10:00,0.9898540368515218,1,1
2019-12-23 03:15:00,0.9817513732464543,1,1
2019-12-23 03:20:00,0.9879758551122003,1,1
2019-12-23 03:25:00,0.9777580106892251,1,1
2019-12-23 03:30:00,0.983097562245578,1,1
2019-12-23 03:35:00,0.9809078272758518,1,1
2019-12-23 03:40:00,0.9791253243739054,1,1
2019-12-23 03:45:00,0.9919663917206487,1,1
2019-12-23 03:50:00,0.9876240126375634,1,1
2019-12-23 03:55:00,0.9835326016385816,1,1
2019-12-23 04:00:00,0.9896167434904546,1,1
2019-12-23 04:05:00,0.9896806625947558,1,1
2019-12-23 04:10:00,0.9691146854366736,1,1
2019-12-23 04:15:00,0.980301956459637,1,1
2019-12-23 04:20:00,0.9830070293373913,1,1
2019-12-23 04:25:00,0.981414470407643,1,1
2019-12-23 04:30:00,0.9784179104346439,1,1
2019-12-23 04:35:00,0.9830479090202381,1,1
2019-12-23 04:40:00,0.9866506452580903,1,1
2019-12-23 04:45:00,0.9863058347317578,1,1
2019-12-23 04:50:00,0.9832071594350584,1,1
2019-12-23 04:55:00,0.9900695731804179,1,1
2019-12-23 05:00:00,0.9840515682289249,1,1
2019-12-23 05:05:00,0.9879144794968846,1,1
2019-12-23 05:10:00,0.9915454906768297,1,1
2019-12-23 05:15:00,0.9812233502337205,1,1
2019-12-23 05:20:00,0.9812583536991331,1,1
2019-12-23 05:25:00,0.9879408853328477,1,1
2019-12-23 05:30:00,0.9887395942357043,1,1
2019-12-23 05:35:00,0.9899367364499545,1,1
2019-12-23 05:40:00,0.9833969013975132,1,1
2019-12-23 05:45:00,0.9888340776376476,1,1
2019-12-23 05:50:00,0.9865825956453915,1,1
2019-12-23 05:55:00,0.9846461204796751,1,1
2019-12-23 06:00:00,0.990106637689713,1,1
2019-12-23 06:05:00,0.982786898378134,1,1
2019-12-23 06:10:00,0.9757732746181512,1,1
2019-12-23 06:15:00,0.9888002000287887,1,1
2019-12-23 06:20:00,0.9894813858311805,1,1
2019-12-23 06:25:00,0.9785533662633401,1,1
2019-12-23 06:30:00,0.9800235441268306,1,1
2019-12-23 06:35:00,0.9787831878991343,1,1
2019-12-23 06:40:00,0.9775635562814645,1,1
2019-12-23 06:45:00,0.9774314915579877,1,1
2019-12-23 06:50:00,0.9798374570078433,1,1
2019-12-23 06:55:00,0.9776356023095675,1,1
2019-12-23 07:00:00,0.9786852350901499,1,1
2019-12-23 07:05:00,0.9799613991763565,1,1
2019-12-23 07:10:00,0.9766962524991464,1,1
2019-12-23 07:15:00,0.9793697142961385,1,1
2019-12-23 07:20:00,0.9785532549345075,1,1
2019-12-23 07:25:00,0.9765458919881352,1,1
2019-12-23 07:30:00,0.9784821935363702,1,1
2019-12-23 07:35:00,0.9796923668266422,1,1
2019-12-23 07:40:00,0.9785297894779327,1,1
2019-12-23 07:45:00,0.9780525476748124,1,1
2019-12-23 07:50:00,0.9817388022982194,1,1
2019-12-23 07:55:00,0.9802775263105485,1,1
2019-12-23 08:00:00,0.977501969725224,1,1
2019-12-23 08:05:00,0.979882066362779,1,1
2019-12-23 08:10:00,0.979424984341683,1,1
2019-12-23 08:15:00,0.9773862963807868,1,1
2019-12-23 08:20:00,0.980016358612845,1,1
2019-12-23 08:25:00,0.9794378615232772,1,1
2019-12-23 08:30:00,0.9797085243399676,1,1
2019-12-23 08:35:00,0.9784276099717277,1,1
2019-12-23 08:40:00,0.9800636736164879,1,1
2019-12-23 08:45:00,0.9781325074591856,1,1
2019-12-23 08:50:00,0.9777332690549517,1,1
2019-12-23 08:55:00,0.9772646907328295,1,1
2019-12-23 09:00:00,0.9772887963142133,1,1
2019-12-23 09:05:00,0.9896700783202097,1,1
2019-12-23 09:10:00,0.9901427076624879,1,1
2019-12-23 09:15:00,0.9847878835885818,1,1
2019-12-23 09:20:00,0.990296269856109,1,1
2019-12-23 09:25:00,0.988322932350673,1,1
2019-12-23 09:30:00,0.9751450022976291,1,1
2019-12-23 09:35:00,0.9754014120611962,1,1
2019-12-23 09:40:00,0.9747538432376275,1,1
2019-12-23 09:45:00,0.975808760244724,1,1
2019-12-23 09:50:00,0.9733501701329349,1,1
2019-12-23 09:55:00,0.9902769193884983,1,1
2019-12-23 10:00:00,0.9891367468002438,1,1
2019-12-23 10:05:00,0.9900116513030176,1,1
2019-12-23 10:10:00,0.9953861083622455,1,1
2019-12-23 10:15:00,0.991337236797028,1,1
2019-12-23 10:20:00,0.9955994361256975,1,1
2019-12-23 10:25:00,0.9841081028319091,1,1
2019-12-23 10:30:00,0.9915107643305645,1,1
2019-12-23 10:35:00,0.9780685043064974,1,1
2019-12-23 10:40:00,0.9835995082928755,1,1
2019-12-23 10:45:00,0.9897496641828559,1,1
2019-12-23 10:50:00,0.9927050932417658,1,1
2019-12-23 10:55:00,0.9816549122077637,1,1
2019-12-23 11:00:00,0.9937618790698048,1,1
2019-12-23 11:05:00,0.9956307243926574,1,1
2019-12-23 11:10:00,0.9480117641890901,1,0
2019-12-23 11:15:00,0.9544288519167066,1,0
2019-12-23 11:20:00,0.6044809542110224,1,0
2019-12-23 11:25:00,0.7897934530348463,1,0
2019-12-23 11:30:00,0.7110437458257257,1,0
2019-12-23 11:35:00,0.8762215506083625,1,0
2019-12-23 11:40:00,0.8686220116698767,1,0
2019-12-23 11:45:00,0.6617893654131195,1,0
2019-12-23 11:50:00,0.8904320262071302,1,0
2019-12-23 11:55:00,0.9619170749811347,1,0
2019-12-23 12:00:00,0.9760073298398781,1,0
2019-12-23 12:05:00,0.8065980718757668,1,0
2019-12-23 12:10:00,0.6717920199155933,1,0
2019-12-23 12:15:00,0.8532260736371223,1,0
2019-12-23 12:20:00,0.9612760374026654,1,0
2019-12-23 12:25:00,0.9945166860837475,1,1
2019-12-23 12:30:00,0.9941725833670888,1,1
2019-12-23 12:35:00,0.9987309578692893,1,1
2019-12-23 12:40:00,0.9980713051371312,1,1
2019-12-23 12:45:00,0.9987473363517138,1,1
2019-12-23 12:50:00,0.9951405885837026,1,1
2019-12-23 12:55:00,0.9898403934815362,1,1
2019-12-23 13:00:00,0.984830549319161,1,1
2019-12-23 13:05:00,0.9791657559826366,1,1
2019-12-23 13:10:00,0.9892272888243666,1,1
2019-12-23 13:15:00,0.9959447502217621,1,1
2019-12-23 13:20:00,0.9947042833329272,1,1
2019-12-23 13:25:00,0.9958794308474717,1,1
2019-12-23 13:30:00,0.9975755564300921,1,1
2019-12-23 13:35:00,0.9983391737586045,1,1
2019-12-23 13:40:00,0.9931735556869551,1,1
2019-12-23 13:45:00,0.9953078795681671,1,1
2019-12-23 13:50:00,0.9980833975779498,1,1
2019-12-23 13:55:00,0.9850280625518539,1,1
2019-12-23 14:00:00,0.9862958175796355,1,1
2019-12-23 14:05:00,0.9965433381381957,1,1
2019-12-23 14:10:00,0.9964205036106109,1,1
2019-12-23 14:15:00,0.9970644681172459,1,1
2019-12-23 14:20:00,0.9830892492020364,1,1
2019-12-23 14:25:00,0.9909895064438314,1,1
2019-12-23 14:30:00,0.9914462385273888,1,1
2019-12-23 14:35:00,0.9768707294927574,1,1
2019-12-23 14:40:00,0.9829824355011741,1,1
2019-12-23 14:45:00,0.9858459701157323,1,1
2019-12-23 14:50:00,0.9867776446111444,1,1
2019-12-23 14:55:00,0.9795480900777471,1,1
2019-12-23 15:00:00,0.9815751461561398,1,1
2019-12-23 15:05:00,0.9893817628172995,1,1
2019-12-23 15:10:00,0.990255960739377,1,1
2019-12-23 15:15:00,0.9839108609681195,1,1
2019-12-23 15:20:00,0.9635899324715,1,1
2019-12-23 15:25:00,0.9702128863792602,1,1
2019-12-23 15:30:00,0.9855916300143308,1,1
2019-12-23 15:35:00,0.9887557001473066,1,1
2019-12-23 15:40:00,0.9721641740465841,1,1
2019-12-23 15:45:00,0.9855220462517398,1,1
2019-12-23 15:50:00,0.9894587431833602,1,1
2019-12-23 15:55:00,0.99013384157028,1,1
2019-12-23 16:00:00,0.9856946625195682,1,1
2019-12-23 16:05:00,0.9929192841543433,1,1
2019-12-23 16:10:00,0.9736312922364617,1,1
2019-12-23 16:15:00,0.9900188206971483,1,1
2019-12-23 16:20:00,0.9874743963390932,1,1
2019-12-23 16:25:00,0.9790326470114707,1,1
2019-12-23 16:30:00,0.9794684797236086,1,1
2019-12-23 16:35:00,0.9776546255331001,1,1
2019-12-23 16:40:00,0.9767554292989186,1,1
2019-12-23 16:45:00,0.9783848870393431,1,1
2019-12-23 16:50:00,0.9767301672181231,1,1
2019-12-23 16:55:00,0.9786183349415527,1,1
2019-12-23 17:00:00,0.9784870536056309,1,1
2019-12-23 17:05:00,0.9776829763045091,1,1
2019-12-23 17:10:00,0.984908063651948,1,1
2019-12-23 17:15:00,0.9951096579606904,1,1
2019-12-23 17:20:00,0.985019458870307,1,1
2019-12-23 17:25:00,0.9913007729489471,1,1
2019-12-23 17:30:00,0.9929208416450138,1,1
2019-12-23 17:35:00,0.9905677602640134,1,1
2019-12-23 17:40:00,0.9952595025990831,1,1
2019-12-23 17:45:00,0.9903351831388165,1,1
2019-12-23 17:50:00,0.9813450378399161,1,1
2019-12-23 17:55:00,0.9873007720968451,1,1
2019-12-23 18:00:00,0.9915030494752612,1,1
2019-12-23 18:05:00,0.9808087696479721,1,1
2019-12-23 18:10:00,0.9869029490214475,1,1
2019-12-23 18:15:00,0.982016396370905,1,1
2019-12-23 18:20:00,0.9809850396638017,1,1
2019-12-23 18:25:00,0.978813373612835,1,1
2019-12-23 18:30:00,0.983949640010422,1,1
2019-12-23 18:35:00,0.9842843847075301,1,1
2019-12-23 18:40:00,0.9797966861618054,1,1
2019-12-23 18:45:00,0.9917086624544821,1,1
2019-12-23 18:50:00,0.993888334227798,1,1
2019-12-23 18:55:00,0.9909180555419153,1,1
2019-12-23 19:00:00,0.997500355776,1,1
2019-12-23 19:05:00,0.9979715966898762,1,1
2019-12-23 19:10:00,0.9963643672755508,1,1
2019-12-23 19:15:00,0.9788088275767809,1,1
2019-12-23 19:20:00,0.9806709396855084,1,1
2019-12-23 19:25:00,0.9836238291197641,1,1
2019-12-23 19:30:00,0.9817214517700052,1,1
2019-12-23 19:35:00,0.9847195576952,1,1
2019-12-23 19:40:00,0.9918752295301255,1,1
2019-12-23 19:45:00,0.9901011806774667,1,1
2019-12-23 19:50:00,0.9910113075751308,1,1
2019-12-23 19:55:00,0.9978921267613197,1,1
2019-12-23 20:00:00,0.9972056041797588,1,1
2019-12-23 20:05:00,0.9978871644658946,1,1
2019-12-23 20:10:00,0.9973704593924172,1,1
2019-12-23 20:15:00,0.9964727880978111,1,1
2019-12-23 20:20:00,0.9974290103867006,1,1
2019-12-23 20:25:00,0.9976875343185333,1,1
2019-12-23 20:30:00,0.9978749283585425,1,1
2019-12-23 20:35:00,0.9976324298450023,1,1
2019-12-23 20:40:00,0.9973270358733708,1,1
2019-12-23 20:45:00,0.9976165017788007,1,1
2019-12-23 20:50:00,0.997406661308117,1,1
2019-12-23 20:55:00,0.9969091546838312,1,1
2019-12-23 21:00:00,0.9944243031760931,1,1
2019-12-23 21:05:00,0.9967920393995179,1,1
2019-12-23 21:10:00,0.9974185139837491,1,1
2019-12-23 21:15:00,0.9955573875512307,1,1
2019-12-23 21:20:00,0.9961146663942553,1,1
2019-12-23 21:25:00,0.9980786429189679,1,1
2019-12-23 21:30:00,0.9971189918966555,1,1
2019-12-23 21:35:00,0.9966108687247154,1,1
2019-12-23 21:40:00,0.9965438018683141,1,1
2019-12-23 21:45:00,0.996303879754874,1,1
2019-12-23 21:50:00,0.9947211865360628,1,1
2019-12-23 21:55:00,0.997992323772364,1,1
2019-12-23 22:00:00,0.996339654828243,1,1
2019-12-23 22:05:00,0.9932423397584083,1,1
2019-12-23 22:10:00,0.9917038155753009,1,1
2019-12-23 22:15:00,0.9936493255771266,1,1
2019-12-23 22:20:00,0.995768324335935,1,1
2019-12-23 22:25:00,0.9956541645810321,1,1
2019-12-23 22:30:00,0.9857021209485262,1,1
2019-12-23 22:35:00,0.984023770385924,1,1
2019-12-23 22:40:00,0.997071420435031,1,1
2019-12-23 22:45:00,0.9979745736998601,1,1
2019-12-23 22:50:00,0.9973525086404006,1,1
2019-12-23 22:55:00,0.9980929770824647,1,1
2019-12-23 23:00:00,0.9978571423947714,1,1
2019-12-23 23:05:00,0.9980929770824647,1,1
2019-12-23 23:10:00,0.9980929770824647,1,1
2019-12-23 23:15:00,0.9981084848707742,1,1
2019-12-23 23:20:00,0.9979866431782557,1,1
2019-12-23 23:25:00,0.9980929770824647,1,1
2019-12-23 23:30:00,0.9980929770824647,1,1
2019-12-23 23:35:00,0.9980929770824647,1,1
2019-12-23 23:40:00,0.9980784758144448,1,1
2019-12-23 23:45:00,0.9973019638417534,1,1
2019-12-23 23:50:00,0.9980929770824647,1,1
2019-12-23 23:55:00,0.9971767216815304,1,1
2019-12-24 00:00:00,0.9979284574644327,1,1
2019-12-24 00:05:00,0.9980929770824647,1,1
2019-12-24 00:10:00,0.9980929770824647,1,1
2019-12-24 00:15:00,0.9959094327576132,1,1
2019-12-24 00:20:00,0.9805628208154218,1,1
2019-12-24 00:25:00,0.9785212737299687,1,1
2019-12-24 00:30:00,0.9791679939629107,1,1
2019-12-24 00:35:00,0.9791817783152745,1,1
2019-12-24 00:40:00,0.9781447913082745,1,1
2019-12-24 00:45:00,0.9784571423595516,1,1
2019-12-24 00:50:00,0.9783576717981709,1,1
2019-12-24 00:55:00,0.9813362911601998,1,1
2019-12-24 01:00:00,0.980804653376254,1,1
2019-12-24 01:05:00,0.9832524614213791,1,1
2019-12-24 01:10:00,0.9907450998899134,1,1
2019-12-24 01:15:00,0.983047722525481,1,1
2019-12-24 01:20:00,0.9814431232987042,1,1
2019-12-24 01:25:00,0.988450363741786,1,1
2019-12-24 01:30:00,0.9558221262355745,1,1
2019-12-24 01:35:00,0.9689767367351486,1,1
2019-12-24 01:40:00,0.9898599413783881,1,1
2019-12-24 01:45:00,0.9842955980627079,1,1
2019-12-24 01:50:00,0.9836721760375101,1,1
2019-12-24 01:55:00,0.9650893979939177,1,1
2019-12-24 02:00:00,0.9866435365290257,1,1
2019-12-24 02:05:00,0.9851726570993775,1,1
2019-12-24 02:10:00,0.9894681091035379,1,1
2019-12-24 02:15:00,0.9880225775170045,1,1
2019-12-24 02:20:00,0.9892255105507682,1,1
2019-12-24 02:25:00,0.9848738350824021,1,1
2019-12-24 02:30:00,0.9864721935947602,1,1
2019-12-24 02:35:00,0.9899049524392112,1,1
2019-12-24 02:40:00,0.9913038258408302,1,1
2019-12-24 02:45:00,0.9855076072087323,1,1
2019-12-24 02:50:00,0.9717105981205582,1,1
2019-12-24 02:55:00,0.9897226501137674,1,1
2019-12-24 03:00:00,0.9894513570621845,1,1
2019-12-24 03:05:00,0.9867646222155793,1,1
2019-12-24 03:10:00,0.9837041558126259,1,1
2019-12-24 03:15:00,0.9909438073108139,1,1
2019-12-24 03:20:00,0.9900983814145903,1,1
2019-12-24 03:25:00,0.9872359936980277,1,1
2019-12-24 03:30:00,0.9893689291272662,1,1
2019-12-24 03:35:00,0.9894258052695895,1,1
2019-12-24 03:40:00,0.9339143091101462,1,1
2019-12-24 03:45:00,0.9485031633938448,1,1
2019-12-24 03:50:00,0.9897483077684099,1,1
2019-12-24 03:55:00,0.9881055527279425,1,1
2019-12-24 04:00:00,0.9917329154183526,1,1
2019-12-24 04:05:00,0.9896525552521572,1,1
2019-12-24 04:10:00,0.9893205115601232,1,1
2019-12-24 04:15:00,0.9903259373028876,1,1
2019-12-24 04:20:00,0.9903039251719254,1,1
2019-12-24 04:25:00,0.9896806319638559,1,1
2019-12-24 04:30:00,0.9884539193572282,1,1
2019-12-24 04:35:00,0.9894862295457272,1,1
2019-12-24 04:40:00,0.9898332213961056,1,1
2019-12-24 04:45:00,0.989868669044036,1,1
2019-12-24 04:50:00,0.9900948988651457,1,1
2019-12-24 04:55:00,0.990484627671296,1,1
2019-12-24 05:00:00,0.9904603770408179,1,1
2019-12-24 05:05:00,0.9863237722077484,1,1
2019-12-24 05:10:00,0.984719205639784,1,1
2019-12-24 05:15:00,0.9899827327321543,1,1
2019-12-24 05:20:00,0.9837184405595469,1,1
2019-12-24 05:25:00,0.990013723140831,1,1
2019-12-24 05:30:00,0.9904116943291685,1,1
2019-12-24 05:35:00,0.9874643691791083,1,1
2019-12-24 05:40:00,0.9877926893682624,1,1
2019-12-24 05:45:00,0.9886591244499815,1,1
2019-12-24 05:50:00,0.9903550331805672,1,1
2019-12-24 05:55:00,0.9886559908339184,1,1
2019-12-24 06:00:00,0.9893611057787429,1,1
2019-12-24 06:05:00,0.9833071127111792,1,1
2019-12-24 06:10:00,0.9898454583072308,1,1
2019-12-24 06:15:00,0.9780055229028521,1,1
2019-12-24 06:20:00,0.9794072211655696,1,1
2019-12-24 06:25:00,0.9782306249072364,1,1
2019-12-24 06:30:00,0.9786207086023605,1,1
2019-12-24 06:35:00,0.9811071403230401,1,1
2019-12-24 06:40:00,0.9782481029118628,1,1
2019-12-24 06:45:00,0.9778061038066798,1,1
2019-12-24 06:50:00,0.977725818168373,1,1
2019-12-24 06:55:00,0.9783982508618592,1,1
2019-12-24 07:00:00,0.9778506342605127,1,1
2019-12-24 07:05:00,0.9780267395103766,1,1
2019-12-24 07:10:00,0.9776762843152292,1,1
2019-12-24 07:15:00,0.9771999611388118,1,1
2019-12-24 07:20:00,0.9764229619069372,1,1
2019-12-24 07:25:00,0.9797174323584013,1,1
2019-12-24 07:30:00,0.977296208425774,1,1
2019-12-24 07:35:00,0.9761242381111787,1,1
2019-12-24 07:40:00,0.9854520049863082,1,1
2019-12-24 07:45:00,0.9787355241755759,1,1
2019-12-24 07:50:00,0.9784423089962383,1,1
2019-12-24 07:55:00,0.9777921068944302,1,1
2019-12-24 08:00:00,0.9803378137082663,1,1
2019-12-24 08:05:00,0.9791470158596164,1,1
2019-12-24 08:10:00,0.9783579587437187,1,1
2019-12-24 08:15:00,0.9783617003022482,1,1
2019-12-24 08:20:00,0.9778987059349697,1,1
2019-12-24 08:25:00,0.9778075853807616,1,1
2019-12-24 08:30:00,0.9790670264313867,1,1
2019-12-24 08:35:00,0.9876844537526738,1,1
2019-12-24 08:40:00,0.9786529498526187,1,1
2019-12-24 08:45:00,0.9822586997122884,1,1
2019-12-24 08:50:00,0.9844235280835272,1,1
2019-12-24 08:55:00,0.9900873849286486,1,1
2019-12-24 09:00:00,0.9848764957021803,1,1
2019-12-24 09:05:00,0.9772557749536777,1,1
2019-12-24 09:10:00,0.988446441092108,1,1
2019-12-24 09:15:00,0.9894458544061314,1,1
2019-12-24 09:20:00,0.9855509553611567,1,1
2019-12-24 09:25:00,0.9897445682544325,1,1
2019-12-24 09:30:00,0.9893991295648291,1,1
2019-12-24 09:35:00,0.9986853222345778,1,1
2019-12-24 09:40:00,0.9948858512774864,1,1
2019-12-24 09:45:00,0.9984972500266257,1,1
2019-12-24 09:50:00,0.9985332461609056,1,1
2019-12-24 09:55:00,0.9979566771016669,1,1
2019-12-24 10:00:00,0.9976443732489331,1,1
2019-12-24 10:05:00,0.9987513320937031,1,1
2019-12-24 10:10:00,0.9984420314787922,1,1
2019-12-24 10:15:00,0.9988817944696203,1,1
2019-12-24 10:20:00,0.9980627198557149,1,1
2019-12-24 10:25:00,0.9987363520266463,1,1
2019-12-24 10:30:00,0.9972645766926894,1,1
2019-12-24 10:35:00,0.9985458382322981,1,1
2019-12-24 10:40:00,0.9991509873136779,1,1
2019-12-24 10:45:00,0.9984700700866038,1,1
2019-12-24 10:50:00,0.9943582698056405,1,1
2019-12-24 10:55:00,0.9984141499876948,1,1
2019-12-24 11:00:00,0.9987747930483682,1,1
2019-12-24 11:05:00,0.9898374686221819,1,1
2019-12-24 11:10:00,0.9799043512756273,1,1
2019-12-24 11:15:00,0.991651477704707,1,1
2019-12-24 11:20:00,0.991569334151251,1,1
2019-12-24 11:25:00,0.9901743553276084,1,1
2019-12-24 11:30:00,0.9901397561939336,1,1
2019-12-24 11:35:00,0.98527690211664,1,1
2019-12-24 11:40:00,0.986599056726044,1,1
2019-12-24 11:45:00,0.984921654418934,1,1
2019-12-24 11:50:00,0.9839340654891582,1,1
2019-12-24 11:55:00,0.9782945098338218,1,1
2019-12-24 12:00:00,0.9783343682193076,1,1
2019-12-24 12:05:00,0.9825836528087863,1,1
2019-12-24 12:10:00,0.9914202794509948,1,1
2019-12-24 12:15:00,0.9900301147945898,1,1
2019-12-24 12:20:00,0.9901449454731124,1,1
2019-12-24 12:25:00,0.9899430321559871,1,1
2019-12-24 12:30:00,0.9900093818872169,1,1
2019-12-24 12:35:00,0.9898831988510791,1,1
2019-12-24 12:40:00,0.988486361151142,1,1
2019-12-24 12:45:00,0.9783442222950757,1,1
2019-12-24 12:50:00,0.9781492252565719,1,1
2019-12-24 12:55:00,0.9785802780389351,1,1
2019-12-24 13:00:00,0.9879593231316637,1,1
2019-12-24 13:05:00,0.990194098340807,1,1
2019-12-24 13:10:00,0.9883365058884986,1,1
2019-12-24 13:15:00,0.9914162655560995,1,1
2019-12-24 13:20:00,0.9949153537166955,1,1
2019-12-24 13:25:00,0.9787300175620163,1,1
2019-12-24 13:30:00,0.9786570321100044,1,1
2019-12-24 13:35:00,0.9777960721321846,1,1
2019-12-24 13:40:00,0.978007039162618,1,1
2019-12-24 13:45:00,0.9778703927538348,1,1
2019-12-24 13:50:00,0.9780665911247721,1,1
2019-12-24 13:55:00,0.9872434692879296,1,1
2019-12-24 14:00:00,0.9980929770824647,1,1
2019-12-24 14:05:00,0.9964370034416937,1,1
2019-12-24 14:10:00,0.9980929770824647,1,1
2019-12-24 14:15:00,0.9980929770824647,1,1
2019-12-24 14:20:00,0.9978600155860498,1,1
2019-12-24 14:25:00,0.9980928920462053,1,1
2019-12-24 14:30:00,0.9980929770824647,1,1
2019-12-24 14:35:00,0.9980929770824647,1,1
2019-12-24 14:40:00,0.9980929770824647,1,1
2019-12-24 14:45:00,0.9980929323315108,1,1
2019-12-24 14:50:00,0.9979210597610175,1,1
2019-12-24 14:55:00,0.9980929770824647,1,1
2019-12-24 15:00:00,0.997907527810045,1,1
2019-12-24 15:05:00,0.9980929770824647,1,1
2019-12-24 15:10:00,0.9980929767595754,1,1
2019-12-24 15:15:00,0.99809291165353,1,1
2019-12-24 15:20:00,0.9971479901280067,1,1
2019-12-24 15:25:00,0.9978936677903595,1,1
2019-12-24 15:30:00,0.9980923245392631,1,1
2019-12-24 15:35:00,0.9980929770824647,1,1
2019-12-24 15:40:00,0.9980929770824647,1,1
2019-12-24 15:45:00,0.998109643630958,1,1
2019-12-24 15:50:00,0.9981479690405555,1,1
2019-12-24 15:55:00,0.9976177007415022,1,1
2019-12-24 16:00:00,0.9933860969542755,1,1
2019-12-24 16:05:00,0.9804028644125222,1,1
2019-12-24 16:10:00,0.9853069938694125,1,1
2019-12-24 16:15:00,0.9798356221819184,1,1
2019-12-24 16:20:00,0.9888569339623021,1,1
2019-12-24 16:25:00,0.9888068776531542,1,1
2019-12-24 16:30:00,0.9927774034396649,1,1
2019-12-24 16:35:00,0.9957951583944018,1,1
2019-12-24 16:40:00,0.9857101806618332,1,1
2019-12-24 16:45:00,0.9898981505325812,1,1
2019-12-24 16:50:00,0.9902249873215133,1,1
2019-12-24 16:55:00,0.9854679358279738,1,1
2019-12-24 17:00:00,0.9927531369273728,1,1
2019-12-24 17:05:00,0.9960195911162022,1,1
2019-12-24 17:10:00,0.9961020561013092,1,1
2019-12-24 17:15:00,0.9985937363131232,1,1
2019-12-24 17:20:00,0.9986707046675474,1,1
2019-12-24 17:25:00,0.9976506795045769,1,1
2019-12-24 17:30:00,0.9979668691968206,1,1
2019-12-24 17:35:00,0.998147928139775,1,1
2019-12-24 17:40:00,0.9955090666399373,1,1
2019-12-24 17:45:00,0.9967623121276071,1,1
2019-12-24 17:50:00,0.9968982897061197,1,1
2019-12-24 17:55:00,0.9979070142575602,1,1
2019-12-24 18:00:00,0.9977791343161196,1,1
2019-12-24 18:05:00,0.9981479690405555,1,1
2019-12-24 18:10:00,0.9981269206571898,1,1
2019-12-24 18:15:00,0.9981281584942174,1,1
2019-12-24 18:20:00,0.9979746030665202,1,1
2019-12-24 18:25:00,0.9981332517477074,1,1
2019-12-24 18:30:00,0.9980675087585162,1,1
2019-12-24 18:35:00,0.9979967402988154,1,1
2019-12-24 18:40:00,0.9976575511887519,1,1
2019-12-24 18:45:00,0.9981339612323988,1,1
2019-12-24 18:50:00,0.9981343547219362,1,1
2019-12-24 18:55:00,0.998085134152388,1,1
2019-12-24 19:00:00,0.9980294359021783,1,1
2019-12-24 19:05:00,0.9981079217437355,1,1
2019-12-24 19:10:00,0.9981344588006082,1,1
2019-12-24 19:15:00,0.9980108540499402,1,1
2019-12-24 19:20:00,0.9981479690405555,1,1
2019-12-24 19:25:00,0.9981157475057356,1,1
2019-12-24 19:30:00,0.9981382477575667,1,1
2019-12-24 19:35:00,0.9981437558190825,1,1
2019-12-24 19:40:00,0.9979997946830135,1,1
2019-12-24 19:45:00,0.9981085078287428,1,1
2019-12-24 19:50:00,0.9981450144982525,1,1
2019-12-24 19:55:00,0.9981322841342074,1,1
2019-12-24 20:00:00,0.9981085078287428,1,1
2019-12-24 20:05:00,0.9980682074444068,1,1
2019-12-24 20:10:00,0.9978154573884389,1,1
2019-12-24 20:15:00,0.9978999323031541,1,1
2019-12-24 20:20:00,0.9980682074444068,1,1
2019-12-24 20:25:00,0.9980682074252051,1,1
2019-12-24 20:30:00,0.9980682074444068,1,1
2019-12-24 20:35:00,0.9979135122340287,1,1
2019-12-24 20:40:00,0.9980682074444068,1,1
2019-12-24 20:45:00,0.9980682074444068,1,1
2019-12-24 20:50:00,0.9980670780391505,1,1
2019-12-24 20:55:00,0.9979823640497207,1,1
2019-12-24 21:00:00,0.9980677492678434,1,1
2019-12-24 21:05:00,0.9980680054226085,1,1
2019-12-24 21:10:00,0.9975629527568005,1,1
2019-12-24 21:15:00,0.9978997409972281,1,1
2019-12-24 21:20:00,0.9980675882507287,1,1
2019-12-24 21:25:00,0.9981179327230011,1,1
2019-12-24 21:30:00,0.9981314399755168,1,1
2019-12-24 21:35:00,0.9981209050311104,1,1
2019-12-24 21:40:00,0.998142430358293,1,1
2019-12-24 21:45:00,0.9981178512246107,1,1
2019-12-24 21:50:00,0.998118958747667,1,1
2019-12-24 21:55:00,0.9981401430911238,1,1
2019-12-24 22:00:00,0.9980682074444068,1,1
2019-12-24 22:05:00,0.9980736299497797,1,1
2019-12-24 22:10:00,0.995214540144793,1,1
2019-12-24 22:15:00,0.9884794259178483,1,1
2019-12-24 22:20:00,0.982748289059409,1,1
2019-12-24 22:25:00,0.9900829967855712,1,1
2019-12-24 22:30:00,0.9868482362808053,1,1
2019-12-24 22:35:00,0.9922588305005543,1,1
2019-12-24 22:40:00,0.989438252150396,1,1
2019-12-24 22:45:00,0.99056952286778,1,1
2019-12-24 22:50:00,0.9933109390089887,1,1
2019-12-24 22:55:00,0.988696879226596,1,1
2019-12-24 23:00:00,0.9778224218637245,1,1
2019-12-24 23:05:00,0.9786827463887131,1,1
2019-12-24 23:10:00,0.9821599108339668,1,1
2019-12-24 23:15:00,0.9900062361253994,1,1
2019-12-24 23:20:00,0.9892586587656382,1,1
2019-12-24 23:25:00,0.9832810624077983,1,1
2019-12-24 23:30:00,0.98954101889467,1,1
2019-12-24 23:35:00,0.9856898462881245,1,1
2019-12-24 23:40:00,0.9771319638158796,1,1
2019-12-24 23:45:00,0.9776790551313523,1,1
2019-12-24 23:50:00,0.98821132286205,1,1
2019-12-24 23:55:00,0.9767375617407252,1,1
2019-12-25 00:00:00,0.9799748704490369,1,1
2019-12-25 00:05:00,0.9800568972728865,1,1
2019-12-25 00:10:00,0.99108755693986,1,1
2019-12-25 00:15:00,0.9869383025041057,1,1
2019-12-25 00:20:00,0.9825802224632559,1,1
2019-12-25 00:25:00,0.9839621739324999,1,1
2019-12-25 00:30:00,0.9892942689503487,1,1
2019-12-25 00:35:00,0.9782370177548569,1,1
2019-12-25 00:40:00,0.9860364285977574,1,1
2019-12-25 00:45:00,0.9732207578752906,1,1
2019-12-25 00:50:00,0.9701522099951609,1,1
2019-12-25 00:55:00,0.9797004999223113,1,1
2019-12-25 01:00:00,0.9876650846023827,1,1
2019-12-25 01:05:00,0.985617010319153,1,1
2019-12-25 01:10:00,0.9903776696463465,1,1
2019-12-25 01:15:00,0.9750619244876942,1,1
2019-12-25 01:20:00,0.9781291085770791,1,1
2019-12-25 01:25:00,0.9879543299388075,1,1
2019-12-25 01:30:00,0.9879285600773309,1,1
2019-12-25 01:35:00,0.9781711958239131,1,1
2019-12-25 01:40:00,0.9839112160999196,1,1
2019-12-25 01:45:00,0.9736704797300596,1,1
2019-12-25 01:50:00,0.9864220727943527,1,1
2019-12-25 01:55:00,0.9760780429464095,1,1
2019-12-25 02:00:00,0.9887165637195067,1,1
2019-12-25 02:05:00,0.9834495616518963,1,1
2019-12-25 02:10:00,0.9763281029387008,1,1
2019-12-25 02:15:00,0.9767326429556509,1,1
2019-12-25 02:20:00,0.9824790504731648,1,1
2019-12-25 02:25:00,0.9764412374044178,1,1
2019-12-25 02:30:00,0.9715566078898011,1,1
2019-12-25 02:35:00,0.9864172126451168,1,1
2019-12-25 02:40:00,0.9818857040732487,1,1
2019-12-25 02:45:00,0.9880887765105857,1,1
2019-12-25 02:50:00,0.9867020934785484,1,1
2019-12-25 02:55:00,0.9866085502112292,1,1
2019-12-25 03:00:00,0.9873214054651401,1,1
2019-12-25 03:05:00,0.9856885068514569,1,1
2019-12-25 03:10:00,0.9792779888241654,1,1
2019-12-25 03:15:00,0.9896524998323604,1,1
2019-12-25 03:20:00,0.9848552901224408,1,1
2019-12-25 03:25:00,0.9805715770633421,1,1
2019-12-25 03:30:00,0.9883747749167112,1,1
2019-12-25 03:35:00,0.987025564254594,1,1
2019-12-25 03:40:00,0.9836271464960318,1,1
2019-12-25 03:45:00,0.9898692397524242,1,1
2019-12-25 03:50:00,0.9896221739682012,1,1
2019-12-25 03:55:00,0.98763334367404,1,1
2019-12-25 04:00:00,0.9821810953611702,1,1
2019-12-25 04:05:00,0.9861423148785617,1,1
2019-12-25 04:10:00,0.9769250956641446,1,1
2019-12-25 04:15:00,0.9700813222770517,1,1
2019-12-25 04:20:00,0.952753263097403,1,1
2019-12-25 04:25:00,0.9870058319497396,1,1
2019-12-25 04:30:00,0.9646072678970057,1,1
2019-12-25 04:35:00,0.981913536734955,1,1
2019-12-25 04:40:00,0.9901149103448567,1,1
2019-12-25 04:45:00,0.978157865925439,1,1
2019-12-25 04:50:00,0.968469941600408,1,1
2019-12-25 04:55:00,0.9766055808091589,1,1
2019-12-25 05:00:00,0.9888903786087272,1,1
2019-12-25 05:05:00,0.9853103449990078,1,1
2019-12-25 05:10:00,0.9900155554969065,1,1
2019-12-25 05:15:00,0.989480289229621,1,1
2019-12-25 05:20:00,0.9898317983406569,1,1
2019-12-25 05:25:00,0.9887524095094203,1,1
2019-12-25 05:30:00,0.9883690828980413,1,1
2019-12-25 05:35:00,0.9842643457228696,1,1
2019-12-25 05:40:00,0.983054229221418,1,1
2019-12-25 05:45:00,0.9796005277793965,1,1
2019-12-25 05:50:00,0.9842913745226693,1,1
2019-12-25 05:55:00,0.9851178212567658,1,1
2019-12-25 06:00:00,0.9887437181637572,1,1
2019-12-25 06:05:00,0.985856538070744,1,1
2019-12-25 06:10:00,0.9820879510216627,1,1
2019-12-25 06:15:00,0.9895167944737322,1,1
2019-12-25 06:20:00,0.9826975579729695,1,1
2019-12-25 06:25:00,0.9781810886976672,1,1
2019-12-25 06:30:00,0.9790382359395005,1,1
2019-12-25 06:35:00,0.9771779423455952,1,1
2019-12-25 06:40:00,0.9772450228169907,1,1
2019-12-25 06:45:00,0.9791620360627035,1,1
2019-12-25 06:50:00,0.9782968382576416,1,1
2019-12-25 06:55:00,0.9781491844763398,1,1
2019-12-25 07:00:00,0.9784365418676806,1,1
2019-12-25 07:05:00,0.9797548600101665,1,1
2019-12-25 07:10:00,0.9759776735382213,1,1
2019-12-25 07:15:00,0.9784917563175216,1,1
2019-12-25 07:20:00,0.9772590040665965,1,1
2019-12-25 07:25:00,0.9762310872075874,1,1
2019-12-25 07:30:00,0.9790560055906726,1,1
2019-12-25 07:35:00,0.9795014869568468,1,1
2019-12-25 07:40:00,0.9780228274042205,1,1
2019-12-25 07:45:00,0.9790130359014161,1,1
2019-12-25 07:50:00,0.9857341115257836,1,1
2019-12-25 07:55:00,0.9792758866525583,1,1
2019-12-25 08:00:00,0.9790135538511484,1,1
2019-12-25 08:05:00,0.9782236625539454,1,1
2019-12-25 08:10:00,0.9772941656718023,1,1
2019-12-25 08:15:00,0.9763961069974322,1,1
2019-12-25 08:20:00,0.977400517101371,1,1
2019-12-25 08:25:00,0.9774669392718455,1,1
2019-12-25 08:30:00,0.9777770558151025,1,1
2019-12-25 08:35:00,0.9796963785971406,1,1
2019-12-25 08:40:00,0.9777683682074266,1,1
2019-12-25 08:45:00,0.9821350282480331,1,1
2019-12-25 08:50:00,0.9901435406545218,1,1
2019-12-25 08:55:00,0.9896804561397037,1,1
2019-12-25 09:00:00,0.9872849488919859,1,1
2019-12-25 09:05:00,0.989540813532682,1,1
2019-12-25 09:10:00,0.9844289547772341,1,1
2019-12-25 09:15:00,0.9885806272119679,1,1
2019-12-25 09:20:00,0.9862334246130965,1,1
2019-12-25 09:25:00,0.9758241091119578,1,1
2019-12-25 09:30:00,0.9783022144135104,1,1
2019-12-25 09:35:00,0.9728402718544825,1,1
2019-12-25 09:40:00,0.9777202854293404,1,1
2019-12-25 09:45:00,0.9771630883553157,1,1
2019-12-25 09:50:00,0.9773832751643351,1,1
2019-12-25 09:55:00,0.9772101125302767,1,1
2019-12-25 10:00:00,0.9828866744897473,1,1
2019-12-25 10:05:00,0.9747951191842805,1,1
2019-12-25 10:10:00,0.9764820081806366,1,1
2019-12-25 10:15:00,0.977264977814535,1,1
2019-12-25 10:20:00,0.9804650223185701,1,1
2019-12-25 10:25:00,0.9898696852220031,1,1
2019-12-25 10:30:00,0.9849767717146691,1,1
2019-12-25 10:35:00,0.9750577271711286,1,1
2019-12-25 10:40:00,0.9834213242390764,1,1
2019-12-25 10:45:00,0.9898970324635182,1,1
2019-12-25 10:50:00,0.9704020619832976,1,1
2019-12-25 10:55:00,0.9785041744200086,1,1
2019-12-25 11:00:00,0.9898862237963849,1,1
2019-12-25 11:05:00,0.9793183351267132,1,1
2019-12-25 11:10:00,0.9738243224495269,1,1
2019-12-25 11:15:00,0.9748981254960641,1,1
2019-12-25 11:20:00,0.9800120315676664,1,1
2019-12-25 11:25:00,0.9849791197689666,1,1
2019-12-25 11:30:00,0.9853477265739338,1,1
2019-12-25 11:35:00,0.9869130528154532,1,1
2019-12-25 11:40:00,0.9912075731507876,1,1
2019-12-25 11:45:00,0.9979367533532274,1,1
2019-12-25 11:50:00,0.9937191174890307,1,1
2019-12-25 11:55:00,0.9987253742031243,1,1
2019-12-25 12:00:00,0.9965382854203733,1,1
2019-12-25 12:05:00,0.9990392400262146,1,1
2019-12-25 12:10:00,0.9980937933240931,1,1
2019-12-25 12:15:00,0.9978261075122058,1,1
2019-12-25 12:20:00,0.9969818414585315,1,1
2019-12-25 12:25:00,0.996165034580959,1,1
2019-12-25 12:30:00,0.9946778602877899,1,1
2019-12-25 12:35:00,0.9956269840469553,1,1
2019-12-25 12:40:00,0.9990595233521856,1,1
2019-12-25 12:45:00,0.9989416903987617,1,1
2019-12-25 12:50:00,0.997241247786111,1,1
2019-12-25 12:55:00,0.9945239278572426,1,1
2019-12-25 13:00:00,0.9931085527649963,1,1
2019-12-25 13:05:00,0.9949845093804026,1,1
2019-12-25 13:10:00,0.9949493403025214,1,1
2019-12-25 13:15:00,0.997690064016995,1,1
2019-12-25 13:20:00,0.9951432925006525,1,1
2019-12-25 13:25:00,0.9867364215801944,1,1
2019-12-25 13:30:00,0.9967633353497328,1,1
2019-12-25 13:35:00,0.9983774208380913,1,1
2019-12-25 13:40:00,0.9990638184911034,1,1
2019-12-25 13:45:00,0.9974957687152989,1,1
2019-12-25 13:50:00,0.9969935627616034,1,1
2019-12-25 13:55:00,0.9981491651453689,1,1
2019-12-25 14:00:00,0.9979973637088827,1,1
2019-12-25 14:05:00,0.9971010270006722,1,1
2019-12-25 14:10:00,0.9976926360612083,1,1
2019-12-25 14:15:00,0.9934971189859154,1,1
2019-12-25 14:20:00,0.9977633129258905,1,1
2019-12-25 14:25:00,0.9990675402990102,1,1
2019-12-25 14:30:00,0.9991036446603792,1,1
2019-12-25 14:35:00,0.998585990325233,1,1
2019-12-25 14:40:00,0.9983780355063543,1,1
2019-12-25 14:45:00,0.9991035708399484,1,1
2019-12-25 14:50:00,0.9982839837344063,1,1
2019-12-25 14:55:00,0.9980000225625794,1,1
2019-12-25 15:00:00,0.9980119946769987,1,1
2019-12-25 15:05:00,0.9901061450457305,1,1
2019-12-25 15:10:00,0.9891959546822875,1,0
2019-12-25 15:15:00,0.9791655422060297,1,0
2019-12-25 15:20:00,0.9775776133714495,1,0
2019-12-25 15:25:00,0.9781452952137847,1,0
2019-12-25 15:30:00,0.9784390297307309,1,0
2019-12-25 15:35:00,0.9793832512627436,1,0
2019-12-25 15:40:00,0.9789834758661224,1,0
2019-12-25 15:45:00,0.9795622606284415,1,0
2019-12-25 15:50:00,0.9775215613707263,1,0
2019-12-25 15:55:00,0.9782605041244079,1,0
2019-12-25 16:00:00,0.9783379610065369,1,0
2019-12-25 16:05:00,0.9781886145073038,1,0
2019-12-25 16:10:00,0.9796783700467767,1,0
2019-12-25 16:15:00,0.9851753650525943,1,0
2019-12-25 16:20:00,0.742662120471839,1,0
2019-12-25 16:25:00,0.9069004321042172,1,0
2019-12-25 16:30:00,0.9657299190866805,1,0
2019-12-25 16:35:00,0.9084318678491586,1,0
2019-12-25 16:40:00,0.6582236142796116,1,0
2019-12-25 16:45:00,0.8688574454575068,1,0
2019-12-25 16:50:00,0.9648065772412852,1,0
2019-12-25 16:55:00,0.9533560815093779,1,0
2019-12-25 17:00:00,0.5958602324304431,1,0
2019-12-25 17:05:00,0.9423243650918357,1,0
2019-12-25 17:10:00,0.7786886421410778,1,0
2019-12-25 17:15:00,0.9753899550800589,1,0
2019-12-25 17:20:00,0.9780876784663346,1,0
2019-12-25 17:25:00,0.977711960436908,1,0
2019-12-25 17:30:00,0.9782812586683042,1,0
2019-12-25 17:35:00,0.9781718415813538,1,0
2019-12-25 17:40:00,0.9779417010336524,1,0
2019-12-25 17:45:00,0.9771409886113632,1,0
2019-12-25 17:50:00,0.974747066255626,1,0
2019-12-25 17:55:00,0.9563822089107624,1,0
2019-12-25 18:00:00,0.9711443232295213,1,0
2019-12-25 18:05:00,0.9762959615081555,1,0
2019-12-25 18:10:00,0.9776100436418813,1,0
2019-12-25 18:15:00,0.9560647170645952,1,0
2019-12-25 18:20:00,0.9357185860960064,1,0
2019-12-25 18:25:00,0.9759586586059545,1,0
2019-12-25 18:30:00,0.9771866915828529,1,0
2019-12-25 18:35:00,0.9074742778156897,1,0
2019-12-25 18:40:00,0.9260096064167143,1,0
2019-12-25 18:45:00,0.976978388777445,1,0
2019-12-25 18:50:00,0.9709959509768051,1,0
2019-12-25 18:55:00,0.6177030152429951,1,0
2019-12-25 19:00:00,0.8603150282901115,1,0
2019-12-25 19:05:00,0.9691316927439948,1,0
2019-12-25 19:10:00,0.8711997970798441,1,0
2019-12-25 19:15:00,0.9051398881765673,1,0
2019-12-25 19:20:00,0.963205149213443,1,0
2019-12-25 19:25:00,0.9746303391016243,1,0
2019-12-25 19:30:00,0.9028927945859201,1,0
2019-12-25 19:35:00,0.9739653208170731,1,0
2019-12-25 19:40:00,0.9608723561324019,1,0
2019-12-25 19:45:00,0.9641078140763655,1,0
2019-12-25 19:50:00,0.976261681131141,1,0
2019-12-25 19:55:00,0.856438665864321,1,0
2019-12-25 20:00:00,0.9530851519591133,1,0
2019-12-25 20:05:00,0.8402352034419209,1,0
2019-12-25 20:10:00,0.9783903188701646,1,0
2019-12-25 20:15:00,0.9963946396405781,1,1
2019-12-25 20:20:00,0.9963361834644417,1,1
2019-12-25 20:25:00,0.9958196965357871,1,1
2019-12-25 20:30:00,0.9974091982288867,1,1
2019-12-25 20:35:00,0.9980469078546265,1,1
2019-12-25 20:40:00,0.997966161160604,1,1
2019-12-25 20:45:00,0.9983410231453628,1,1
2019-12-25 20:50:00,0.9988196101505861,1,1
2019-12-25 20:55:00,0.9978253724120028,1,1
2019-12-25 21:00:00,0.9977578204315348,1,1
2019-12-25 21:05:00,0.996624934595619,1,1
2019-12-25 21:10:00,0.9887018464812117,1,1
2019-12-25 21:15:00,0.9940670127815063,1,1
2019-12-25 21:20:00,0.8375831146700704,1,1
2019-12-25 21:25:00,0.9815704030562425,1,1
2019-12-25 21:30:00,0.9893419896529354,1,1
2019-12-25 21:35:00,0.9856529075300112,1,1
2019-12-25 21:40:00,0.9759045764070877,1,1
2019-12-25 21:45:00,0.9758039556751444,1,1
2019-12-25 21:50:00,0.982814168821228,1,1
2019-12-25 21:55:00,0.9841731541348641,1,1
2019-12-25 22:00:00,0.8687237089674528,1,1
2019-12-25 22:05:00,0.9013848368083806,1,1
2019-12-25 22:10:00,0.9862952962796837,1,1
2019-12-25 22:15:00,0.9399882745083833,1,1
2019-12-25 22:20:00,0.9672356009161056,1,1
2019-12-25 22:25:00,0.9890802583369536,1,1
2019-12-25 22:30:00,0.9801106870064755,1,1
2019-12-25 22:35:00,0.9882530295729245,1,1
2019-12-25 22:40:00,0.979240596944518,1,1
2019-12-25 22:45:00,0.9778138032130342,1,1
2019-12-25 22:50:00,0.9725402267179556,1,1
2019-12-25 22:55:00,0.9760765171154995,1,1
2019-12-25 23:00:00,0.9771714393538796,1,1
2019-12-25 23:05:00,0.9782340405902201,1,1
2019-12-25 23:10:00,0.963320461369905,1,1
2019-12-25 23:15:00,0.9773156731142083,1,1
2019-12-25 23:20:00,0.9774441454076137,1,1
2019-12-25 23:25:00,0.977819205170651,1,1
2019-12-25 23:30:00,0.977400255064122,1,1
2019-12-25 23:35:00,0.9781878799523622,1,1
2019-12-25 23:40:00,0.9781311081815964,1,1
2019-12-25 23:45:00,0.9775887571672601,1,1
2019-12-25 23:50:00,0.9792346593404151,1,1
2019-12-25 23:55:00,0.9785934380366307,1,1
